model,dataset,test metric,training_type,seed,partition name
InceptionV3,mb-domars16k,0.7931199073791504,feature_extraction,0,default
InceptionV3,mb-domars16k,0.7884352803230286,feature_extraction,42,default
InceptionV3,mb-domars16k,0.7888959050178528,feature_extraction,1234,default
InceptionV3,mb-domars16k,0.7890238761901855,feature_extraction,1,default
ResNet101,mb-domars16k,0.8218380212783813,feature_extraction,0,default
ResNet101,mb-domars16k,0.819282054901123,feature_extraction,1,default
ResNet101,mb-domars16k,0.8210528492927551,feature_extraction,42,default
ResNet101,mb-domars16k,0.8160579204559326,feature_extraction,1234,default
SqueezeNet1.1,mb-domars16k,0.8221227526664734,feature_extraction,1,default
SqueezeNet1.1,mb-domars16k,0.8208569288253784,feature_extraction,0,default
SqueezeNet1.1,mb-domars16k,0.8245567083358765,feature_extraction,42,default
SqueezeNet1.1,mb-domars16k,0.8237171173095703,feature_extraction,1234,default
SwinV2-B,mb-domars16k,0.8614261746406555,feature_extraction,0,default
SwinV2-B,mb-domars16k,0.8665133118629456,feature_extraction,1,default
SwinV2-B,mb-domars16k,0.8703076839447021,feature_extraction,42,default
SwinV2-B,mb-domars16k,0.8672099709510803,feature_extraction,1234,default
ViT-L/16,mb-domars16k,0.8760514855384827,feature_extraction,0,default
ViT-L/16,mb-domars16k,0.8796040415763855,feature_extraction,1,default
ViT-L/16,mb-domars16k,0.8784275054931641,feature_extraction,42,default
ViT-L/16,mb-domars16k,0.8831443786621094,feature_extraction,1234,default
InceptionV3,mb-landmark_cls,0.8619986176490784,feature_extraction,0,default
InceptionV3,mb-landmark_cls,0.860441267490387,feature_extraction,1,default
InceptionV3,mb-landmark_cls,0.8696510195732117,feature_extraction,42,default
InceptionV3,mb-landmark_cls,0.8681719303131104,feature_extraction,1234,default
ResNet101,mb-landmark_cls,0.8780956864356995,feature_extraction,0,default
ResNet101,mb-landmark_cls,0.8781070113182068,feature_extraction,1,default
ResNet101,mb-landmark_cls,0.8840090036392212,feature_extraction,42,default
SqueezeNet1.1,mb-landmark_cls,0.8932266235351562,feature_extraction,0,default
SqueezeNet1.1,mb-landmark_cls,0.8952428102493286,feature_extraction,1,default
SqueezeNet1.1,mb-landmark_cls,0.8912605047225952,feature_extraction,42,default
SqueezeNet1.1,mb-landmark_cls,0.8943551778793335,feature_extraction,1234,default
SwinV2-B,mb-landmark_cls,0.9088643789291382,feature_extraction,1,default
SwinV2-B,mb-landmark_cls,0.9031479954719543,feature_extraction,0,default
SwinV2-B,mb-landmark_cls,0.9079205989837646,feature_extraction,42,default
SwinV2-B,mb-landmark_cls,0.906745672225952,feature_extraction,1234,default
ViT-L/16,mb-landmark_cls,0.9094941020011902,feature_extraction,1,default
ViT-L/16,mb-landmark_cls,0.908707320690155,feature_extraction,0,default
ViT-L/16,mb-landmark_cls,0.9160093665122986,feature_extraction,42,default
ViT-L/16,mb-landmark_cls,0.9122931957244872,feature_extraction,1234,default
InceptionV3,mb-surface_multi_label_cls,0.7640461325645447,feature_extraction,1,default
InceptionV3,mb-surface_multi_label_cls,0.7643569707870483,feature_extraction,0,default
InceptionV3,mb-surface_multi_label_cls,0.7724514007568359,feature_extraction,42,default
InceptionV3,mb-surface_multi_label_cls,0.773468554019928,feature_extraction,1234,default
ResNet101,mb-surface_multi_label_cls,0.7854287028312683,feature_extraction,0,default
ResNet101,mb-surface_multi_label_cls,0.7902255058288574,feature_extraction,1,default
ResNet101,mb-surface_multi_label_cls,0.7970172166824341,feature_extraction,42,default
ResNet101,mb-surface_multi_label_cls,0.7880762219429016,feature_extraction,1234,default
SqueezeNet1.1,mb-surface_multi_label_cls,0.6860090494155884,feature_extraction,0,default
SqueezeNet1.1,mb-surface_multi_label_cls,0.6581212878227234,feature_extraction,1,default
SqueezeNet1.1,mb-surface_multi_label_cls,0.6611596345901489,feature_extraction,42,default
SqueezeNet1.1,mb-surface_multi_label_cls,0.6859839558601379,feature_extraction,1234,default
SwinV2-B,mb-surface_multi_label_cls,0.829349160194397,feature_extraction,1,default
SwinV2-B,mb-surface_multi_label_cls,0.8263881206512451,feature_extraction,0,default
SwinV2-B,mb-surface_multi_label_cls,0.8323454856872559,feature_extraction,1234,default
SwinV2-B,mb-surface_multi_label_cls,0.8306643962860107,feature_extraction,42,default
ViT-L/16,mb-surface_multi_label_cls,0.8329793810844421,feature_extraction,42,default
ViT-L/16,mb-surface_multi_label_cls,0.8326866626739502,feature_extraction,1,default
ViT-L/16,mb-surface_multi_label_cls,0.8291822671890259,feature_extraction,0,default
ViT-L/16,mb-surface_multi_label_cls,0.8269066214561462,feature_extraction,1234,default
InceptionV3,mb-surface_cls,0.8531742691993713,feature_extraction,0,default
InceptionV3,mb-surface_cls,0.8233500719070435,feature_extraction,42,default
InceptionV3,mb-surface_cls,0.8467731475830078,feature_extraction,1234,default
ResNet101,mb-surface_cls,0.8616749048233032,feature_extraction,0,default
ResNet101,mb-surface_cls,0.8483653664588928,feature_extraction,1,default
ResNet101,mb-surface_cls,0.848288893699646,feature_extraction,42,default
ResNet101,mb-surface_cls,0.8464268445968628,feature_extraction,1234,default
SqueezeNet1.1,mb-surface_cls,0.861869215965271,feature_extraction,0,default
SqueezeNet1.1,mb-surface_cls,0.8532893061637878,feature_extraction,1,default
SqueezeNet1.1,mb-surface_cls,0.8471685647964478,feature_extraction,42,default
SqueezeNet1.1,mb-surface_cls,0.8496648073196411,feature_extraction,1234,default
SwinV2-B,mb-surface_cls,0.8662847876548767,feature_extraction,0,default
SwinV2-B,mb-surface_cls,0.8723665475845337,feature_extraction,42,default
SwinV2-B,mb-surface_cls,0.8702341318130493,feature_extraction,1,default
SwinV2-B,mb-surface_cls,0.8723186254501343,feature_extraction,1234,default
ViT-L/16,mb-surface_cls,0.8682467341423035,feature_extraction,1,default
ViT-L/16,mb-surface_cls,0.8717223405838013,feature_extraction,0,default
ViT-L/16,mb-surface_cls,0.8767434358596802,feature_extraction,42,default
ViT-L/16,mb-surface_cls,0.8696070909500122,feature_extraction,1234,default
InceptionV3,mb-surface_cls,0.8407518863677979,feature_extraction,1,default
ResNet101,mb-landmark_cls,0.8834426999092102,feature_extraction,1234,default
InceptionV3,mb-domars16k,0.7952967882156372,feature_extraction,1000,default
ResNet101,mb-domars16k,0.8195513486862183,feature_extraction,1000,default
SqueezeNet1.1,mb-domars16k,0.8272218704223633,feature_extraction,1000,default
SwinV2-B,mb-domars16k,0.8643746376037598,feature_extraction,1000,default
ViT-L/16,mb-domars16k,0.8831017017364502,feature_extraction,1000,default
InceptionV3,mb-landmark_cls,0.8661433458328247,feature_extraction,1000,default
ResNet101,mb-landmark_cls,0.881525993347168,feature_extraction,1000,default
SqueezeNet1.1,mb-landmark_cls,0.8942286968231201,feature_extraction,1000,default
SwinV2-B,mb-landmark_cls,0.901564598083496,feature_extraction,1000,default
ViT-L/16,mb-landmark_cls,0.9094620943069458,feature_extraction,1000,default
InceptionV3,mb-surface_multi_label_cls,0.7621090412139893,feature_extraction,1000,default
ResNet101,mb-surface_multi_label_cls,0.7880509495735168,feature_extraction,1000,default
SqueezeNet1.1,mb-surface_multi_label_cls,0.6567453742027283,feature_extraction,1000,default
SwinV2-B,mb-surface_multi_label_cls,0.8275773525238037,feature_extraction,1000,default
ViT-L/16,mb-surface_multi_label_cls,0.8280097246170044,feature_extraction,1000,default
InceptionV3,mb-surface_cls,0.8465157747268677,feature_extraction,1000,default
ResNet101,mb-surface_cls,0.8451405167579651,feature_extraction,1000,default
SqueezeNet1.1,mb-surface_cls,0.8445512056350708,feature_extraction,1000,default
SwinV2-B,mb-surface_cls,0.8694493770599365,feature_extraction,1000,default
ViT-L/16,mb-surface_cls,0.8658357858657837,feature_extraction,1000,default
InceptionV3,mb-atmospheric_dust_cls_edr,0.9447447657585144,feature_extraction,0,default
InceptionV3,mb-atmospheric_dust_cls_edr,0.9428242444992064,feature_extraction,42,default
InceptionV3,mb-atmospheric_dust_cls_edr,0.944894313812256,feature_extraction,1,default
InceptionV3,mb-atmospheric_dust_cls_edr,0.940927803516388,feature_extraction,1000,default
InceptionV3,mb-atmospheric_dust_cls_edr,0.943562626838684,feature_extraction,1234,default
ResNet101,mb-atmospheric_dust_cls_edr,0.943398416042328,feature_extraction,0,default
ResNet101,mb-atmospheric_dust_cls_edr,0.9413104057312012,feature_extraction,1,default
ResNet101,mb-atmospheric_dust_cls_edr,0.9432314038276672,feature_extraction,42,default
ResNet101,mb-atmospheric_dust_cls_edr,0.9401506185531616,feature_extraction,1000,default
ResNet101,mb-atmospheric_dust_cls_edr,0.9372736215591432,feature_extraction,1234,default
SqueezeNet1.1,mb-atmospheric_dust_cls_edr,0.9489718079566956,feature_extraction,0,default
SqueezeNet1.1,mb-atmospheric_dust_cls_edr,0.9460954070091248,feature_extraction,1,default
SqueezeNet1.1,mb-atmospheric_dust_cls_edr,0.9499261379241944,feature_extraction,42,default
SqueezeNet1.1,mb-atmospheric_dust_cls_edr,0.9470535516738892,feature_extraction,1000,default
SqueezeNet1.1,mb-atmospheric_dust_cls_edr,0.9457182884216307,feature_extraction,1234,default
SwinV2-B,mb-atmospheric_dust_cls_edr,0.94553542137146,feature_extraction,0,default
SwinV2-B,mb-atmospheric_dust_cls_edr,0.9489887952804564,feature_extraction,1,default
SwinV2-B,mb-atmospheric_dust_cls_edr,0.9478377103805542,feature_extraction,42,default
SwinV2-B,mb-atmospheric_dust_cls_edr,0.9489849805831908,feature_extraction,1234,default
SwinV2-B,mb-atmospheric_dust_cls_edr,0.94802987575531,feature_extraction,1000,default
ViT-L/16,mb-atmospheric_dust_cls_edr,0.9415019750595092,feature_extraction,0,default
ViT-L/16,mb-atmospheric_dust_cls_edr,0.9386135935783386,feature_extraction,1,default
ViT-L/16,mb-atmospheric_dust_cls_edr,0.9389938116073608,feature_extraction,42,default
ViT-L/16,mb-atmospheric_dust_cls_edr,0.9401590824127196,feature_extraction,1000,default
ViT-L/16,mb-atmospheric_dust_cls_edr,0.9388058185577391,feature_extraction,1234,default
InceptionV3,mb-atmospheric_dust_cls_rdr,0.9345941543579102,feature_extraction,0,default
InceptionV3,mb-atmospheric_dust_cls_rdr,0.9436190724372864,feature_extraction,1,default
InceptionV3,mb-atmospheric_dust_cls_rdr,0.935723602771759,feature_extraction,42,default
InceptionV3,mb-atmospheric_dust_cls_rdr,0.9426579475402832,feature_extraction,1000,default
InceptionV3,mb-atmospheric_dust_cls_rdr,0.9403581619262696,feature_extraction,1234,default
ResNet101,mb-atmospheric_dust_cls_rdr,0.9493709802627563,feature_extraction,0,default
ResNet101,mb-atmospheric_dust_cls_rdr,0.9470707178115844,feature_extraction,1,default
ResNet101,mb-atmospheric_dust_cls_rdr,0.944960594177246,feature_extraction,42,default
ResNet101,mb-atmospheric_dust_cls_rdr,0.9470701813697816,feature_extraction,1000,default
ResNet101,mb-atmospheric_dust_cls_rdr,0.9426558017730712,feature_extraction,1234,default
SqueezeNet1.1,mb-atmospheric_dust_cls_rdr,0.9403551816940308,feature_extraction,0,default
SqueezeNet1.1,mb-atmospheric_dust_cls_rdr,0.9407361745834352,feature_extraction,1,default
SqueezeNet1.1,mb-atmospheric_dust_cls_rdr,0.9405460357666016,feature_extraction,42,default
SqueezeNet1.1,mb-atmospheric_dust_cls_rdr,0.9432238340377808,feature_extraction,1000,default
SqueezeNet1.1,mb-atmospheric_dust_cls_rdr,0.9409278631210328,feature_extraction,1234,default
SwinV2-B,mb-atmospheric_dust_cls_rdr,0.9599173665046692,feature_extraction,0,default
SwinV2-B,mb-atmospheric_dust_cls_rdr,0.9616453051567078,feature_extraction,1,default
SwinV2-B,mb-atmospheric_dust_cls_rdr,0.9606868028640748,feature_extraction,42,default
SwinV2-B,mb-atmospheric_dust_cls_rdr,0.962604522705078,feature_extraction,1000,default
SwinV2-B,mb-atmospheric_dust_cls_rdr,0.9614532589912416,feature_extraction,1234,default
ViT-L/16,mb-atmospheric_dust_cls_rdr,0.9556927680969238,feature_extraction,0,default
ViT-L/16,mb-atmospheric_dust_cls_rdr,0.9476064443588256,feature_extraction,1,default
ViT-L/16,mb-atmospheric_dust_cls_rdr,0.9549281001091005,feature_extraction,42,default
ViT-L/16,mb-atmospheric_dust_cls_rdr,0.9516613483428956,feature_extraction,1000,default
ViT-L/16,mb-atmospheric_dust_cls_rdr,0.955111801624298,feature_extraction,1234,default
InceptionV3,mb-change_cls_ctx,0.7111111283302307,feature_extraction,0,default
InceptionV3,mb-change_cls_ctx,0.7111111283302307,feature_extraction,1,default
InceptionV3,mb-change_cls_ctx,0.7111111283302307,feature_extraction,42,default
InceptionV3,mb-change_cls_ctx,0.7111111283302307,feature_extraction,1000,default
InceptionV3,mb-change_cls_ctx,0.7111111283302307,feature_extraction,1234,default
ResNet101,mb-change_cls_ctx,0.7111111283302307,feature_extraction,0,default
ResNet101,mb-change_cls_ctx,0.7111111283302307,feature_extraction,1,default
ResNet101,mb-change_cls_ctx,0.7111111283302307,feature_extraction,1000,default
ResNet101,mb-change_cls_ctx,0.7111111283302307,feature_extraction,42,default
ResNet101,mb-change_cls_ctx,0.7111111283302307,feature_extraction,1234,default
SqueezeNet1.1,mb-change_cls_ctx,0.7111111283302307,feature_extraction,1,default
SqueezeNet1.1,mb-change_cls_ctx,0.7111111283302307,feature_extraction,0,default
SqueezeNet1.1,mb-change_cls_ctx,0.7111111283302307,feature_extraction,42,default
SqueezeNet1.1,mb-change_cls_ctx,0.7111111283302307,feature_extraction,1000,default
SqueezeNet1.1,mb-change_cls_ctx,0.7111111283302307,feature_extraction,1234,default
SwinV2-B,mb-change_cls_ctx,0.7111111283302307,feature_extraction,0,default
SwinV2-B,mb-change_cls_ctx,0.7111111283302307,feature_extraction,1,default
SwinV2-B,mb-change_cls_ctx,0.7111111283302307,feature_extraction,42,default
SwinV2-B,mb-change_cls_ctx,0.7111111283302307,feature_extraction,1000,default
SwinV2-B,mb-change_cls_ctx,0.7111111283302307,feature_extraction,1234,default
ViT-L/16,mb-change_cls_ctx,0.7111111283302307,feature_extraction,0,default
ViT-L/16,mb-change_cls_ctx,0.7111111283302307,feature_extraction,1234,default
ViT-L/16,mb-change_cls_ctx,0.7111111283302307,feature_extraction,1000,default
ViT-L/16,mb-change_cls_ctx,0.7111111283302307,feature_extraction,1,default
ViT-L/16,mb-change_cls_ctx,0.7111111283302307,feature_extraction,42,default
InceptionV3,mb-change_cls_hirise,0.972270131111145,feature_extraction,1,default
InceptionV3,mb-change_cls_hirise,0.9699832201004028,feature_extraction,0,default
InceptionV3,mb-change_cls_hirise,0.9748541712760924,feature_extraction,1000,default
InceptionV3,mb-change_cls_hirise,0.9705867767333984,feature_extraction,42,default
InceptionV3,mb-change_cls_hirise,0.9699832201004028,feature_extraction,1234,default
ResNet101,mb-change_cls_hirise,0.9813311100006104,feature_extraction,0,default
ResNet101,mb-change_cls_hirise,0.9804309606552124,feature_extraction,1,default
ResNet101,mb-change_cls_hirise,0.9800684452056884,feature_extraction,1000,default
ResNet101,mb-change_cls_hirise,0.9848793745040894,feature_extraction,42,default
ResNet101,mb-change_cls_hirise,0.9880104064941406,feature_extraction,1234,default
SqueezeNet1.1,mb-change_cls_hirise,0.9587060213088988,feature_extraction,0,default
SqueezeNet1.1,mb-change_cls_hirise,0.9605042338371276,feature_extraction,1,default
SqueezeNet1.1,mb-change_cls_hirise,0.9419902563095092,feature_extraction,42,default
SqueezeNet1.1,mb-change_cls_hirise,0.9550428986549376,feature_extraction,1000,default
SqueezeNet1.1,mb-change_cls_hirise,0.9526354670524596,feature_extraction,1234,default
SwinV2-B,mb-change_cls_hirise,0.9881129264831544,feature_extraction,0,default
SwinV2-B,mb-change_cls_hirise,0.9895544052124025,feature_extraction,1,default
SwinV2-B,mb-change_cls_hirise,0.9895544052124025,feature_extraction,42,default
SwinV2-B,mb-change_cls_hirise,0.9909276962280272,feature_extraction,1000,default
SwinV2-B,mb-change_cls_hirise,0.9895544052124025,feature_extraction,1234,default
ViT-L/16,mb-change_cls_hirise,0.9896423816680908,feature_extraction,0,default
ViT-L/16,mb-change_cls_hirise,0.9879034757614136,feature_extraction,1,default
ViT-L/16,mb-change_cls_hirise,0.9881129264831544,feature_extraction,42,default
ViT-L/16,mb-change_cls_hirise,0.9896423816680908,feature_extraction,1000,default
ViT-L/16,mb-change_cls_hirise,0.9881129264831544,feature_extraction,1234,default
InceptionV3,mb-frost_cls,0.9164507985115052,feature_extraction,0,default
InceptionV3,mb-frost_cls,0.9282114505767822,feature_extraction,1,default
InceptionV3,mb-frost_cls,0.9248585104942322,feature_extraction,1000,default
InceptionV3,mb-frost_cls,0.9294800758361816,feature_extraction,42,default
InceptionV3,mb-frost_cls,0.9281405210494996,feature_extraction,1234,default
ResNet101,mb-frost_cls,0.921558916568756,feature_extraction,0,default
ResNet101,mb-frost_cls,0.931153118610382,feature_extraction,1,default
ResNet101,mb-frost_cls,0.9298254251480104,feature_extraction,42,default
ResNet101,mb-frost_cls,0.9303120374679564,feature_extraction,1000,default
ResNet101,mb-frost_cls,0.9232727289199828,feature_extraction,1234,default
SqueezeNet1.1,mb-frost_cls,0.890634298324585,feature_extraction,0,default
SqueezeNet1.1,mb-frost_cls,0.9014845490455629,feature_extraction,1,default
SqueezeNet1.1,mb-frost_cls,0.8968350887298584,feature_extraction,42,default
SqueezeNet1.1,mb-frost_cls,0.8996890783309937,feature_extraction,1234,default
SqueezeNet1.1,mb-frost_cls,0.8929325342178345,feature_extraction,1000,default
SwinV2-B,mb-frost_cls,0.947445511817932,feature_extraction,0,default
SwinV2-B,mb-frost_cls,0.9515823125839232,feature_extraction,1,default
SwinV2-B,mb-frost_cls,0.9431511163711548,feature_extraction,42,default
SwinV2-B,mb-frost_cls,0.936259627342224,feature_extraction,1000,default
SwinV2-B,mb-frost_cls,0.9398969411849976,feature_extraction,1234,default
ViT-L/16,mb-frost_cls,0.9354152083396912,feature_extraction,0,default
ViT-L/16,mb-frost_cls,0.9279312491416932,feature_extraction,1,default
ViT-L/16,mb-frost_cls,0.9354032278060912,feature_extraction,42,default
ViT-L/16,mb-frost_cls,0.925186812877655,feature_extraction,1000,default
ViT-L/16,mb-frost_cls,0.9326993227005004,feature_extraction,1234,default
InceptionV3,mb-domars16k,0.7909345030784607,feature_extraction,10,default
InceptionV3,mb-domars16k,0.7818502187728882,feature_extraction,123,default
ResNet101,mb-domars16k,0.8220028877258301,feature_extraction,10,default
ResNet101,mb-domars16k,0.8199212551116943,feature_extraction,123,default
SqueezeNet1.1,mb-domars16k,0.826128363609314,feature_extraction,10,default
SqueezeNet1.1,mb-domars16k,0.8254258036613464,feature_extraction,123,default
SwinV2-B,mb-domars16k,0.8659849166870117,feature_extraction,10,default
SwinV2-B,mb-domars16k,0.8664915561676025,feature_extraction,123,default
ViT-L/16,mb-domars16k,0.8834587335586548,feature_extraction,10,default
ViT-L/16,mb-domars16k,0.8827193975448608,feature_extraction,123,default
InceptionV3,mb-landmark_cls,0.8725584149360657,feature_extraction,123,default
InceptionV3,mb-landmark_cls,0.8691763877868652,feature_extraction,10,default
ResNet101,mb-landmark_cls,0.8772125840187073,feature_extraction,10,default
ResNet101,mb-landmark_cls,0.8812144994735718,feature_extraction,123,default
SqueezeNet1.1,mb-landmark_cls,0.8908913731575012,feature_extraction,10,default
SqueezeNet1.1,mb-landmark_cls,0.8991497755050659,feature_extraction,123,default
SwinV2-B,mb-landmark_cls,0.9049118161201476,feature_extraction,10,default
SwinV2-B,mb-landmark_cls,0.9033084511756896,feature_extraction,123,default
ViT-L/16,mb-landmark_cls,0.9100902676582336,feature_extraction,10,default
ViT-L/16,mb-landmark_cls,0.904820680618286,feature_extraction,123,default
InceptionV3,mb-surface_multi_label_cls,0.7733858823776245,feature_extraction,10,default
InceptionV3,mb-surface_multi_label_cls,0.7614080905914307,feature_extraction,123,default
ResNet101,mb-surface_multi_label_cls,0.7907800078392029,feature_extraction,10,default
ResNet101,mb-surface_multi_label_cls,0.793168306350708,feature_extraction,123,default
SqueezeNet1.1,mb-surface_multi_label_cls,0.6135721802711487,feature_extraction,10,default
SqueezeNet1.1,mb-surface_multi_label_cls,0.6748449802398682,feature_extraction,123,default
SwinV2-B,mb-surface_multi_label_cls,0.8255212306976318,feature_extraction,10,default
SwinV2-B,mb-surface_multi_label_cls,0.826742947101593,feature_extraction,123,default
ViT-L/16,mb-surface_multi_label_cls,0.8327447175979614,feature_extraction,10,default
ViT-L/16,mb-surface_multi_label_cls,0.8304287791252136,feature_extraction,123,default
InceptionV3,mb-surface_cls,0.8354405164718628,feature_extraction,10,default
InceptionV3,mb-surface_cls,0.8408452868461609,feature_extraction,123,default
ResNet101,mb-surface_cls,0.8591765761375427,feature_extraction,10,default
ResNet101,mb-surface_cls,0.8555267453193665,feature_extraction,123,default
SqueezeNet1.1,mb-surface_cls,0.8492833375930786,feature_extraction,10,default
SqueezeNet1.1,mb-surface_cls,0.8399828672409058,feature_extraction,123,default
SwinV2-B,mb-surface_cls,0.8706498146057129,feature_extraction,123,default
SwinV2-B,mb-surface_cls,0.8681864738464355,feature_extraction,10,default
ViT-L/16,mb-surface_cls,0.8679503798484802,feature_extraction,10,default
ViT-L/16,mb-surface_cls,0.8734161853790283,feature_extraction,123,default
InceptionV3,mb-atmospheric_dust_cls_edr,0.9409723281860352,feature_extraction,10,default
InceptionV3,mb-atmospheric_dust_cls_edr,0.9464070796966552,feature_extraction,123,default
ResNet101,mb-atmospheric_dust_cls_edr,0.9432183504104614,feature_extraction,123,default
ResNet101,mb-atmospheric_dust_cls_edr,0.943611979484558,feature_extraction,10,default
SqueezeNet1.1,mb-atmospheric_dust_cls_edr,0.9493582248687744,feature_extraction,10,default
SqueezeNet1.1,mb-atmospheric_dust_cls_edr,0.9489856958389282,feature_extraction,123,default
SwinV2-B,mb-atmospheric_dust_cls_edr,0.9507112503051758,feature_extraction,123,default
SwinV2-B,mb-atmospheric_dust_cls_edr,0.9509064555168152,feature_extraction,10,default
ViT-L/16,mb-atmospheric_dust_cls_edr,0.9422625303268432,feature_extraction,10,default
ViT-L/16,mb-atmospheric_dust_cls_edr,0.9411219358444214,feature_extraction,123,default
InceptionV3,mb-atmospheric_dust_cls_rdr,0.9399497509002686,feature_extraction,123,default
InceptionV3,mb-atmospheric_dust_cls_rdr,0.9392009377479552,feature_extraction,10,default
ResNet101,mb-atmospheric_dust_cls_rdr,0.946879267692566,feature_extraction,123,default
ResNet101,mb-atmospheric_dust_cls_rdr,0.9476448893547058,feature_extraction,10,default
SqueezeNet1.1,mb-atmospheric_dust_cls_rdr,0.9415082335472108,feature_extraction,123,default
SqueezeNet1.1,mb-atmospheric_dust_cls_rdr,0.941314935684204,feature_extraction,10,default
SwinV2-B,mb-atmospheric_dust_cls_rdr,0.9579998254776,feature_extraction,10,default
SwinV2-B,mb-atmospheric_dust_cls_rdr,0.9604949355125428,feature_extraction,123,default
ViT-L/16,mb-atmospheric_dust_cls_rdr,0.9531872868537904,feature_extraction,10,default
ViT-L/16,mb-atmospheric_dust_cls_rdr,0.9522402882575988,feature_extraction,123,default
InceptionV3,mb-change_cls_ctx,0.7111111283302307,feature_extraction,10,default
InceptionV3,mb-change_cls_ctx,0.7111111283302307,feature_extraction,123,default
ResNet101,mb-change_cls_ctx,0.7111111283302307,feature_extraction,10,default
ResNet101,mb-change_cls_ctx,0.7111111283302307,feature_extraction,123,default
SqueezeNet1.1,mb-change_cls_ctx,0.7111111283302307,feature_extraction,10,default
SqueezeNet1.1,mb-change_cls_ctx,0.7111111283302307,feature_extraction,123,default
SwinV2-B,mb-change_cls_ctx,0.7111111283302307,feature_extraction,10,default
SwinV2-B,mb-change_cls_ctx,0.7111111283302307,feature_extraction,123,default
ViT-L/16,mb-change_cls_ctx,0.7111111283302307,feature_extraction,123,default
ViT-L/16,mb-change_cls_ctx,0.7111111283302307,feature_extraction,10,default
InceptionV3,mb-change_cls_hirise,0.973935604095459,feature_extraction,10,default
InceptionV3,mb-change_cls_hirise,0.9717109203338624,feature_extraction,123,default
ResNet101,mb-change_cls_hirise,0.9863293766975404,feature_extraction,10,default
ResNet101,mb-change_cls_hirise,0.984594464302063,feature_extraction,123,default
SqueezeNet1.1,mb-change_cls_hirise,0.9568859338760376,feature_extraction,10,default
SqueezeNet1.1,mb-change_cls_hirise,0.948125660419464,feature_extraction,123,default
SwinV2-B,mb-change_cls_hirise,0.9910846948623656,feature_extraction,10,default
SwinV2-B,mb-change_cls_hirise,0.9895544052124025,feature_extraction,123,default
ViT-L/16,mb-change_cls_hirise,0.986201286315918,feature_extraction,10,default
ViT-L/16,mb-change_cls_hirise,0.9894627928733826,feature_extraction,123,default
InceptionV3,mb-frost_cls,0.9264451861381532,feature_extraction,10,default
InceptionV3,mb-frost_cls,0.9206078052520752,feature_extraction,123,default
ResNet101,mb-frost_cls,0.9322836995124816,feature_extraction,10,default
ResNet101,mb-frost_cls,0.9291729927062988,feature_extraction,123,default
SqueezeNet1.1,mb-frost_cls,0.8926621675491333,feature_extraction,123,default
SqueezeNet1.1,mb-frost_cls,0.8997213840484619,feature_extraction,10,default
SwinV2-B,mb-frost_cls,0.9502015113830566,feature_extraction,10,default
SwinV2-B,mb-frost_cls,0.945720672607422,feature_extraction,123,default
ViT-L/16,mb-frost_cls,0.9282354712486268,feature_extraction,10,default
ViT-L/16,mb-frost_cls,0.9263211488723756,feature_extraction,123,default
