seed,model,dataset,partition name,test metric
42,SatMAE_ViT-L/16,mb-surface_cls,0.10,0.3928
42,SatMAE_ViT-L/16,mb-surface_cls,0.10,0.4075
42,SatMAE_ViT-L/16,mb-surface_cls,0.10,0.3894
42,SatMAE_ViT-L/16,mb-surface_cls,0.10,0.419
42,SatMAE_ViT-L/16,mb-surface_cls,0.10,0.397
42,SatMAE_ViT-L/16,mb-surface_cls,0.10,0.3655
42,SatMAE_ViT-L/16,mb-surface_cls,0.10,0.401
42,CROMA_ViT-L/16,mb-surface_cls,0.10,0.1782
42,CROMA_ViT-L/16,mb-surface_cls,0.10,0.2083
42,CROMA_ViT-L/16,mb-surface_cls,0.10,0.1355
42,CROMA_ViT-L/16,mb-surface_cls,0.10,0.1709
42,CROMA_ViT-L/16,mb-surface_cls,0.10,0.1415
42,CROMA_ViT-L/16,mb-surface_cls,0.10,0.1316
42,CROMA_ViT-L/16,mb-surface_cls,0.10,0.1426
42,SatMAE_ViT-L/16,mb-atmospheric_dust_cls_edr,0.01,0.8847
42,SatMAE_ViT-L/16,mb-atmospheric_dust_cls_edr,0.01,0.8784
42,SatMAE_ViT-L/16,mb-atmospheric_dust_cls_edr,0.01,0.8725
42,SatMAE_ViT-L/16,mb-atmospheric_dust_cls_edr,0.01,0.8982
42,SatMAE_ViT-L/16,mb-atmospheric_dust_cls_edr,0.01,0.8916
42,SatMAE_ViT-L/16,mb-atmospheric_dust_cls_edr,0.01,0.879
42,SatMAE_ViT-L/16,mb-atmospheric_dust_cls_edr,0.01,0.878
42,SatMAE_ViT-L/16,mb-domars16k,0.10,0.7046
42,SatMAE_ViT-L/16,mb-domars16k,0.10,0.7131
42,SatMAE_ViT-L/16,mb-domars16k,0.10,0.708
42,SatMAE_ViT-L/16,mb-domars16k,0.10,0.7013
42,SatMAE_ViT-L/16,mb-domars16k,0.10,0.7048
42,SatMAE_ViT-L/16,mb-domars16k,0.10,0.7039
42,SatMAE_ViT-L/16,mb-domars16k,0.10,0.7054
42,CROMA_ViT-L/16,mb-domars16k,0.02,0.1112
42,CROMA_ViT-L/16,mb-domars16k,0.02,0.0615
42,CROMA_ViT-L/16,mb-domars16k,0.02,0.0944
42,CROMA_ViT-L/16,mb-domars16k,0.02,0.1145
42,CROMA_ViT-L/16,mb-frost_cls,0.50,0.5486
42,CROMA_ViT-L/16,mb-frost_cls,0.50,0.5486
42,CROMA_ViT-L/16,mb-frost_cls,0.50,0.5448
42,SatMAE_ViT-L/16,mb-domars16k,0.50,0.8678
42,SatMAE_ViT-L/16,mb-domars16k,0.50,0.8619
42,SatMAE_ViT-L/16,mb-domars16k,0.50,0.8654
42,SatMAE_ViT-L/16,mb-domars16k,0.50,0.8615
42,SatMAE_ViT-L/16,mb-domars16k,0.50,0.8699
42,SatMAE_ViT-L/16,mb-domars16k,0.50,0.8659
42,SatMAE_ViT-L/16,mb-domars16k,0.50,0.8616
42,SatMAE_ViT-L/16,mb-atmospheric_dust_cls_edr,0.25,0.948
42,SatMAE_ViT-L/16,mb-atmospheric_dust_cls_edr,0.25,0.9486
42,SatMAE_ViT-L/16,mb-atmospheric_dust_cls_edr,0.25,0.9427
42,SatMAE_ViT-L/16,mb-atmospheric_dust_cls_edr,0.25,0.9465
42,SatMAE_ViT-L/16,mb-atmospheric_dust_cls_edr,0.25,0.9461
42,SatMAE_ViT-L/16,mb-atmospheric_dust_cls_edr,0.25,0.9459
42,SatMAE_ViT-L/16,mb-atmospheric_dust_cls_edr,0.25,0.9436
42,CROMA_ViT-L/16,mb-surface_cls,0.05,0.2159
42,CROMA_ViT-L/16,mb-surface_cls,0.05,0.1554
42,CROMA_ViT-L/16,mb-surface_cls,0.05,0.1562
42,CROMA_ViT-L/16,mb-surface_cls,0.05,0.1577
42,CROMA_ViT-L/16,mb-surface_cls,0.05,0.1083
42,CROMA_ViT-L/16,mb-surface_cls,0.05,0.135
42,CROMA_ViT-L/16,mb-surface_cls,0.05,0.1498
42,SatMAE_ViT-L/16,mb-domars16k,0.20,0.8035
42,SatMAE_ViT-L/16,mb-domars16k,0.20,0.792
42,SatMAE_ViT-L/16,mb-domars16k,0.20,0.8026
42,SatMAE_ViT-L/16,mb-domars16k,0.20,0.8019
42,SatMAE_ViT-L/16,mb-domars16k,0.20,0.7946
42,SatMAE_ViT-L/16,mb-domars16k,0.20,0.7961
42,SatMAE_ViT-L/16,mb-domars16k,0.20,0.8028
42,CROMA_ViT-L/16,mb-frost_cls,0.10,0.5378
42,CROMA_ViT-L/16,mb-frost_cls,0.10,0.5361
42,CROMA_ViT-L/16,mb-frost_cls,0.10,0.5394
42,CROMA_ViT-L/16,mb-frost_cls,0.10,0.4969
42,CROMA_ViT-L/16,mb-frost_cls,0.10,0.518
42,CROMA_ViT-L/16,mb-frost_cls,0.10,0.5404
42,CROMA_ViT-L/16,mb-frost_cls,0.10,0.5433
42,SatMAE_ViT-L/16,mb-atmospheric_dust_cls_edr,0.10,0.9526
42,SatMAE_ViT-L/16,mb-atmospheric_dust_cls_edr,0.10,0.9603
42,SatMAE_ViT-L/16,mb-atmospheric_dust_cls_edr,0.10,0.9583
42,SatMAE_ViT-L/16,mb-atmospheric_dust_cls_edr,0.10,0.9533
42,SatMAE_ViT-L/16,mb-atmospheric_dust_cls_edr,0.10,0.9591
42,SatMAE_ViT-L/16,mb-atmospheric_dust_cls_edr,0.10,0.9518
42,SatMAE_ViT-L/16,mb-atmospheric_dust_cls_edr,0.10,0.9545
42,CROMA_ViT-L/16,mb-atmospheric_dust_cls_edr,0.02,0.5127
42,CROMA_ViT-L/16,mb-atmospheric_dust_cls_edr,0.02,0.4983
42,CROMA_ViT-L/16,mb-atmospheric_dust_cls_edr,0.02,0.4781
42,CROMA_ViT-L/16,mb-atmospheric_dust_cls_edr,0.02,0.5479
42,CROMA_ViT-L/16,mb-atmospheric_dust_cls_edr,0.02,0.5141
42,CROMA_ViT-L/16,mb-atmospheric_dust_cls_edr,0.02,0.5256
42,CROMA_ViT-L/16,mb-atmospheric_dust_cls_edr,0.02,0.5397
42,CROMA_ViT-L/16,mb-domars16k,1.00,0.2674
42,CROMA_ViT-L/16,mb-domars16k,1.00,0.2674
42,CROMA_ViT-L/16,mb-domars16k,1.00,0.2677
42,CROMA_ViT-L/16,mb-domars16k,1.00,0.2574
42,CROMA_ViT-L/16,mb-domars16k,1.00,0.266
42,CROMA_ViT-L/16,mb-domars16k,1.00,0.269
42,CROMA_ViT-L/16,mb-domars16k,1.00,0.278
42,CROMA_ViT-L/16,mb-surface_cls,0.01,0.1851
42,CROMA_ViT-L/16,mb-surface_cls,0.01,0.2157
42,CROMA_ViT-L/16,mb-surface_cls,0.01,0.0413
42,CROMA_ViT-L/16,mb-surface_cls,0.01,0.1354
42,CROMA_ViT-L/16,mb-surface_cls,0.01,0.1448
42,CROMA_ViT-L/16,mb-surface_cls,0.01,0.0179
42,CROMA_ViT-L/16,mb-surface_cls,0.01,0.0307
42,CROMA_ViT-L/16,mb-atmospheric_dust_cls_edr,0.20,0.7218
42,CROMA_ViT-L/16,mb-atmospheric_dust_cls_edr,0.20,0.7091
42,CROMA_ViT-L/16,mb-atmospheric_dust_cls_edr,0.20,0.6502
42,CROMA_ViT-L/16,mb-atmospheric_dust_cls_edr,0.20,0.7169
42,CROMA_ViT-L/16,mb-atmospheric_dust_cls_edr,0.20,0.6399
42,CROMA_ViT-L/16,mb-atmospheric_dust_cls_edr,0.20,0.7173
42,CROMA_ViT-L/16,mb-atmospheric_dust_cls_edr,0.20,0.7153
42,CROMA_ViT-L/16,mb-atmospheric_dust_cls_edr,0.10,0.6575
42,CROMA_ViT-L/16,mb-atmospheric_dust_cls_edr,0.10,0.624
42,CROMA_ViT-L/16,mb-atmospheric_dust_cls_edr,0.10,0.6359
42,CROMA_ViT-L/16,mb-atmospheric_dust_cls_edr,0.10,0.6774
42,CROMA_ViT-L/16,mb-atmospheric_dust_cls_edr,0.10,0.6326
42,CROMA_ViT-L/16,mb-atmospheric_dust_cls_edr,0.10,0.686
42,CROMA_ViT-L/16,mb-atmospheric_dust_cls_edr,0.10,0.6069
42,SatMAE_ViT-L/16,mb-domars16k,0.02,0.3381
42,SatMAE_ViT-L/16,mb-domars16k,0.02,0.3325
42,SatMAE_ViT-L/16,mb-domars16k,0.02,0.3469
42,SatMAE_ViT-L/16,mb-domars16k,0.02,0.3431
42,SatMAE_ViT-L/16,mb-domars16k,0.02,0.3357
42,SatMAE_ViT-L/16,mb-domars16k,0.02,0.3352
42,SatMAE_ViT-L/16,mb-domars16k,0.02,0.3511
42,CROMA_ViT-L/16,mb-domars16k,0.10,0.1937
42,CROMA_ViT-L/16,mb-domars16k,0.10,0.2008
42,CROMA_ViT-L/16,mb-domars16k,0.10,0.1973
42,CROMA_ViT-L/16,mb-domars16k,0.10,0.2076
42,CROMA_ViT-L/16,mb-domars16k,0.10,0.1903
42,CROMA_ViT-L/16,mb-domars16k,0.10,0.2021
42,CROMA_ViT-L/16,mb-domars16k,0.10,0.1909
42,CROMA_ViT-L/16,mb-frost_cls,0.25,0.5634
42,CROMA_ViT-L/16,mb-frost_cls,0.25,0.5642
42,CROMA_ViT-L/16,mb-frost_cls,0.25,0.5448
42,CROMA_ViT-L/16,mb-frost_cls,0.25,0.5645
42,CROMA_ViT-L/16,mb-frost_cls,0.25,0.5616
42,CROMA_ViT-L/16,mb-frost_cls,0.25,0.5548
42,CROMA_ViT-L/16,mb-frost_cls,0.25,0.5522
42,SatMAE_ViT-L/16,mb-surface_cls,0.25,0.6723
42,SatMAE_ViT-L/16,mb-surface_cls,0.25,0.6437
42,SatMAE_ViT-L/16,mb-surface_cls,0.25,0.6987
42,SatMAE_ViT-L/16,mb-surface_cls,0.25,0.6828
42,SatMAE_ViT-L/16,mb-surface_cls,0.25,0.6678
42,SatMAE_ViT-L/16,mb-surface_cls,0.25,0.6383
42,SatMAE_ViT-L/16,mb-surface_cls,0.25,0.6507
42,SatMAE_ViT-L/16,mb-domars16k,0.05,0.5352
42,SatMAE_ViT-L/16,mb-domars16k,0.05,0.5242
42,SatMAE_ViT-L/16,mb-domars16k,0.05,0.5241
42,SatMAE_ViT-L/16,mb-domars16k,0.05,0.5312
42,SatMAE_ViT-L/16,mb-domars16k,0.05,0.5171
42,SatMAE_ViT-L/16,mb-domars16k,0.05,0.5309
42,SatMAE_ViT-L/16,mb-domars16k,0.05,0.5108
42,CROMA_ViT-L/16,mb-surface_cls,0.20,0.1718
42,CROMA_ViT-L/16,mb-surface_cls,0.20,0.2053
42,CROMA_ViT-L/16,mb-surface_cls,0.20,0.1318
42,CROMA_ViT-L/16,mb-surface_cls,0.20,0.1939
42,CROMA_ViT-L/16,mb-surface_cls,0.20,0.1453
42,CROMA_ViT-L/16,mb-surface_cls,0.20,0.093
42,CROMA_ViT-L/16,mb-surface_cls,0.20,0.1439
42,CROMA_ViT-L/16,mb-domars16k,0.20,0.2311
42,CROMA_ViT-L/16,mb-domars16k,0.20,0.2266
42,CROMA_ViT-L/16,mb-domars16k,0.20,0.2184
42,CROMA_ViT-L/16,mb-domars16k,0.20,0.2123
42,CROMA_ViT-L/16,mb-domars16k,0.20,0.2265
42,CROMA_ViT-L/16,mb-domars16k,0.20,0.2311
42,SatMAE_ViT-L/16,mb-atmospheric_dust_cls_edr,0.02,0.9047
42,SatMAE_ViT-L/16,mb-atmospheric_dust_cls_edr,0.02,0.9246
42,SatMAE_ViT-L/16,mb-atmospheric_dust_cls_edr,0.02,0.9078
42,SatMAE_ViT-L/16,mb-atmospheric_dust_cls_edr,0.02,0.9239
42,SatMAE_ViT-L/16,mb-atmospheric_dust_cls_edr,0.02,0.91
42,SatMAE_ViT-L/16,mb-atmospheric_dust_cls_edr,0.02,0.9135
42,SatMAE_ViT-L/16,mb-atmospheric_dust_cls_edr,0.02,0.9076
42,SatMAE_ViT-L/16,mb-frost_cls,0.05,0.9485
42,SatMAE_ViT-L/16,mb-frost_cls,0.05,0.9597
42,SatMAE_ViT-L/16,mb-frost_cls,0.05,0.9599
42,SatMAE_ViT-L/16,mb-frost_cls,0.05,0.9584
42,SatMAE_ViT-L/16,mb-frost_cls,0.05,0.9609
42,SatMAE_ViT-L/16,mb-frost_cls,0.05,0.9524
42,SatMAE_ViT-L/16,mb-frost_cls,0.05,0.9582
42,SatMAE_ViT-L/16,mb-surface_cls,0.20,0.5845
42,SatMAE_ViT-L/16,mb-surface_cls,0.20,0.5608
42,SatMAE_ViT-L/16,mb-surface_cls,0.20,0.6187
42,SatMAE_ViT-L/16,mb-surface_cls,0.20,0.5756
42,SatMAE_ViT-L/16,mb-surface_cls,0.20,0.5693
42,SatMAE_ViT-L/16,mb-surface_cls,0.20,0.5293
42,SatMAE_ViT-L/16,mb-surface_cls,0.20,0.5749
42,CROMA_ViT-L/16,mb-atmospheric_dust_cls_edr,0.50,0.7391
42,CROMA_ViT-L/16,mb-atmospheric_dust_cls_edr,0.50,0.7477
42,CROMA_ViT-L/16,mb-atmospheric_dust_cls_edr,0.50,0.738
42,CROMA_ViT-L/16,mb-atmospheric_dust_cls_edr,0.50,0.7619
42,CROMA_ViT-L/16,mb-atmospheric_dust_cls_edr,0.50,0.769
42,CROMA_ViT-L/16,mb-atmospheric_dust_cls_edr,0.50,0.7269
42,CROMA_ViT-L/16,mb-atmospheric_dust_cls_edr,0.50,0.7732
42,CROMA_ViT-L/16,mb-frost_cls,1.00,0.5795
42,CROMA_ViT-L/16,mb-frost_cls,1.00,0.5795
42,CROMA_ViT-L/16,mb-frost_cls,1.00,0.5689
42,CROMA_ViT-L/16,mb-frost_cls,1.00,0.5713
42,CROMA_ViT-L/16,mb-frost_cls,1.00,0.5678
42,CROMA_ViT-L/16,mb-frost_cls,1.00,0.587
42,CROMA_ViT-L/16,mb-frost_cls,1.00,0.586
42,SatMAE_ViT-L/16,mb-atmospheric_dust_cls_edr,0.50,0.9411
42,SatMAE_ViT-L/16,mb-atmospheric_dust_cls_edr,0.50,0.9409
42,SatMAE_ViT-L/16,mb-atmospheric_dust_cls_edr,0.50,0.9453
42,SatMAE_ViT-L/16,mb-atmospheric_dust_cls_edr,0.50,0.9398
42,SatMAE_ViT-L/16,mb-atmospheric_dust_cls_edr,0.50,0.9471
42,SatMAE_ViT-L/16,mb-atmospheric_dust_cls_edr,0.50,0.9452
42,SatMAE_ViT-L/16,mb-atmospheric_dust_cls_edr,0.50,0.9417
42,CROMA_ViT-L/16,mb-surface_cls,0.25,0.1723
42,CROMA_ViT-L/16,mb-surface_cls,0.25,0.1614
42,CROMA_ViT-L/16,mb-surface_cls,0.25,0.1645
42,CROMA_ViT-L/16,mb-surface_cls,0.25,0.1753
42,CROMA_ViT-L/16,mb-surface_cls,0.25,0.1769
42,CROMA_ViT-L/16,mb-surface_cls,0.25,0.1588
42,CROMA_ViT-L/16,mb-surface_cls,0.25,0.1703
42,SatMAE_ViT-L/16,mb-frost_cls,0.10,0.9555
42,SatMAE_ViT-L/16,mb-frost_cls,0.10,0.9594
42,SatMAE_ViT-L/16,mb-frost_cls,0.10,0.9625
42,SatMAE_ViT-L/16,mb-frost_cls,0.10,0.9586
42,SatMAE_ViT-L/16,mb-frost_cls,0.10,0.9672
42,SatMAE_ViT-L/16,mb-frost_cls,0.10,0.9625
42,SatMAE_ViT-L/16,mb-frost_cls,0.10,0.9564
42,SatMAE_ViT-L/16,mb-atmospheric_dust_cls_edr,1.00,0.9396
42,SatMAE_ViT-L/16,mb-atmospheric_dust_cls_edr,1.00,0.9386
42,SatMAE_ViT-L/16,mb-atmospheric_dust_cls_edr,1.00,0.9428
42,SatMAE_ViT-L/16,mb-atmospheric_dust_cls_edr,1.00,0.9425
42,SatMAE_ViT-L/16,mb-atmospheric_dust_cls_edr,1.00,0.9415
42,SatMAE_ViT-L/16,mb-atmospheric_dust_cls_edr,1.00,0.9423
42,SatMAE_ViT-L/16,mb-atmospheric_dust_cls_edr,1.00,0.9413
42,SatMAE_ViT-L/16,mb-atmospheric_dust_cls_edr,0.05,0.9403
42,SatMAE_ViT-L/16,mb-atmospheric_dust_cls_edr,0.05,0.939
42,SatMAE_ViT-L/16,mb-atmospheric_dust_cls_edr,0.05,0.9394
42,SatMAE_ViT-L/16,mb-atmospheric_dust_cls_edr,0.05,0.9394
42,SatMAE_ViT-L/16,mb-atmospheric_dust_cls_edr,0.05,0.9338
42,SatMAE_ViT-L/16,mb-atmospheric_dust_cls_edr,0.05,0.9341
42,SatMAE_ViT-L/16,mb-atmospheric_dust_cls_edr,0.05,0.9353
42,SatMAE_ViT-L/16,mb-surface_cls,0.50,0.7687
42,SatMAE_ViT-L/16,mb-surface_cls,0.50,0.7601
42,SatMAE_ViT-L/16,mb-surface_cls,0.50,0.7807
42,SatMAE_ViT-L/16,mb-surface_cls,0.50,0.775
42,SatMAE_ViT-L/16,mb-surface_cls,0.50,0.7644
42,SatMAE_ViT-L/16,mb-surface_cls,0.50,0.7664
42,SatMAE_ViT-L/16,mb-surface_cls,0.50,0.7731
42,CROMA_ViT-L/16,mb-frost_cls,0.02,0.5214
42,CROMA_ViT-L/16,mb-frost_cls,0.02,0.5203
42,CROMA_ViT-L/16,mb-frost_cls,0.02,0.4797
42,CROMA_ViT-L/16,mb-frost_cls,0.02,0.4919
42,CROMA_ViT-L/16,mb-frost_cls,0.02,0.5221
42,CROMA_ViT-L/16,mb-frost_cls,0.02,0.4995
42,CROMA_ViT-L/16,mb-frost_cls,0.02,0.5128
42,CROMA_ViT-L/16,mb-frost_cls,0.05,0.5344
42,CROMA_ViT-L/16,mb-frost_cls,0.05,0.5053
42,CROMA_ViT-L/16,mb-frost_cls,0.05,0.5082
42,CROMA_ViT-L/16,mb-frost_cls,0.05,0.5141
42,CROMA_ViT-L/16,mb-frost_cls,0.05,0.5307
42,CROMA_ViT-L/16,mb-frost_cls,0.05,0.538
42,CROMA_ViT-L/16,mb-frost_cls,0.05,0.5188
42,CROMA_ViT-L/16,mb-frost_cls,0.20,0.5383
42,CROMA_ViT-L/16,mb-frost_cls,0.20,0.5459
42,CROMA_ViT-L/16,mb-frost_cls,0.20,0.5413
42,CROMA_ViT-L/16,mb-frost_cls,0.20,0.5422
42,CROMA_ViT-L/16,mb-frost_cls,0.20,0.5502
42,CROMA_ViT-L/16,mb-frost_cls,0.20,0.5496
42,CROMA_ViT-L/16,mb-frost_cls,0.20,0.5522
42,CROMA_ViT-L/16,mb-atmospheric_dust_cls_edr,0.01,0.3176
42,CROMA_ViT-L/16,mb-atmospheric_dust_cls_edr,0.01,0.3464
42,CROMA_ViT-L/16,mb-atmospheric_dust_cls_edr,0.01,0.3321
42,CROMA_ViT-L/16,mb-atmospheric_dust_cls_edr,0.01,0.357
42,CROMA_ViT-L/16,mb-atmospheric_dust_cls_edr,0.01,0.6523
42,CROMA_ViT-L/16,mb-atmospheric_dust_cls_edr,0.01,0.3182
42,CROMA_ViT-L/16,mb-atmospheric_dust_cls_edr,0.01,0.4311
42,SatMAE_ViT-L/16,mb-surface_cls,1.00,0.8471
42,SatMAE_ViT-L/16,mb-surface_cls,1.00,0.856
42,SatMAE_ViT-L/16,mb-surface_cls,1.00,0.8471
42,SatMAE_ViT-L/16,mb-surface_cls,1.00,0.8385
42,SatMAE_ViT-L/16,mb-surface_cls,1.00,0.8463
42,SatMAE_ViT-L/16,mb-surface_cls,1.00,0.8505
42,SatMAE_ViT-L/16,mb-surface_cls,1.00,0.8533
42,CROMA_ViT-L/16,mb-domars16k,0.01,0.0744
42,CROMA_ViT-L/16,mb-domars16k,0.01,0.0829
42,CROMA_ViT-L/16,mb-domars16k,0.01,0.0714
42,CROMA_ViT-L/16,mb-domars16k,0.01,0.0717
42,CROMA_ViT-L/16,mb-domars16k,0.01,0.0764
42,CROMA_ViT-L/16,mb-domars16k,0.01,0.0751
42,CROMA_ViT-L/16,mb-domars16k,0.01,0.071
42,SatMAE_ViT-L/16,mb-atmospheric_dust_cls_edr,0.20,0.954
42,SatMAE_ViT-L/16,mb-atmospheric_dust_cls_edr,0.20,0.9551
42,SatMAE_ViT-L/16,mb-atmospheric_dust_cls_edr,0.20,0.952
42,SatMAE_ViT-L/16,mb-atmospheric_dust_cls_edr,0.20,0.9549
42,SatMAE_ViT-L/16,mb-atmospheric_dust_cls_edr,0.20,0.9503
42,SatMAE_ViT-L/16,mb-atmospheric_dust_cls_edr,0.20,0.9473
42,SatMAE_ViT-L/16,mb-atmospheric_dust_cls_edr,0.20,0.9505
42,CROMA_ViT-L/16,mb-atmospheric_dust_cls_edr,0.25,0.7049
42,CROMA_ViT-L/16,mb-atmospheric_dust_cls_edr,0.25,0.7226
42,CROMA_ViT-L/16,mb-atmospheric_dust_cls_edr,0.25,0.713
42,CROMA_ViT-L/16,mb-atmospheric_dust_cls_edr,0.25,0.6927
42,CROMA_ViT-L/16,mb-atmospheric_dust_cls_edr,0.25,0.6866
42,CROMA_ViT-L/16,mb-atmospheric_dust_cls_edr,0.25,0.6914
42,CROMA_ViT-L/16,mb-atmospheric_dust_cls_edr,0.25,0.6836
42,SatMAE_ViT-L/16,mb-frost_cls,0.01,0.9511
42,SatMAE_ViT-L/16,mb-frost_cls,0.01,0.9506
42,SatMAE_ViT-L/16,mb-frost_cls,0.01,0.9662
42,SatMAE_ViT-L/16,mb-frost_cls,0.01,0.9546
42,SatMAE_ViT-L/16,mb-frost_cls,0.01,0.9594
42,SatMAE_ViT-L/16,mb-frost_cls,0.01,0.9485
42,SatMAE_ViT-L/16,mb-frost_cls,0.01,0.9614
42,CROMA_ViT-L/16,mb-frost_cls,0.01,0.476
42,CROMA_ViT-L/16,mb-frost_cls,0.01,0.4141
42,CROMA_ViT-L/16,mb-frost_cls,0.01,0.354
42,CROMA_ViT-L/16,mb-frost_cls,0.01,0.4289
42,CROMA_ViT-L/16,mb-frost_cls,0.01,0.4377
42,CROMA_ViT-L/16,mb-frost_cls,0.01,0.4542
42,CROMA_ViT-L/16,mb-frost_cls,0.01,0.391
42,CROMA_ViT-L/16,mb-domars16k,0.50,0.2333
42,CROMA_ViT-L/16,mb-domars16k,0.50,0.2345
42,CROMA_ViT-L/16,mb-domars16k,0.50,0.2286
42,CROMA_ViT-L/16,mb-domars16k,0.50,0.2333
42,CROMA_ViT-L/16,mb-domars16k,0.50,0.2345
42,CROMA_ViT-L/16,mb-domars16k,0.50,0.2286
42,CROMA_ViT-L/16,mb-domars16k,0.25,0.2377
42,CROMA_ViT-L/16,mb-domars16k,0.25,0.2352
42,CROMA_ViT-L/16,mb-domars16k,0.25,0.2219
42,CROMA_ViT-L/16,mb-domars16k,0.25,0.2283
42,CROMA_ViT-L/16,mb-domars16k,0.25,0.2275
42,CROMA_ViT-L/16,mb-domars16k,0.25,0.2377
42,CROMA_ViT-L/16,mb-surface_cls,0.50,0.2809
42,CROMA_ViT-L/16,mb-surface_cls,0.50,0.2493
42,CROMA_ViT-L/16,mb-surface_cls,0.50,0.2606
42,CROMA_ViT-L/16,mb-surface_cls,0.50,0.2536
42,CROMA_ViT-L/16,mb-surface_cls,0.50,0.251
42,CROMA_ViT-L/16,mb-surface_cls,0.50,0.2548
42,CROMA_ViT-L/16,mb-surface_cls,0.50,0.2542
42,SatMAE_ViT-L/16,mb-frost_cls,0.20,0.9515
42,SatMAE_ViT-L/16,mb-frost_cls,0.20,0.9546
42,SatMAE_ViT-L/16,mb-frost_cls,0.20,0.9528
42,SatMAE_ViT-L/16,mb-frost_cls,0.20,0.9525
42,SatMAE_ViT-L/16,mb-frost_cls,0.20,0.9593
42,SatMAE_ViT-L/16,mb-frost_cls,0.20,0.9539
42,SatMAE_ViT-L/16,mb-frost_cls,0.20,0.9479
42,CROMA_ViT-L/16,mb-atmospheric_dust_cls_edr,0.05,0.6523
42,CROMA_ViT-L/16,mb-atmospheric_dust_cls_edr,0.05,0.6539
42,CROMA_ViT-L/16,mb-atmospheric_dust_cls_edr,0.05,0.6283
42,CROMA_ViT-L/16,mb-atmospheric_dust_cls_edr,0.05,0.6046
42,CROMA_ViT-L/16,mb-atmospheric_dust_cls_edr,0.05,0.5573
42,CROMA_ViT-L/16,mb-atmospheric_dust_cls_edr,0.05,0.5718
42,CROMA_ViT-L/16,mb-atmospheric_dust_cls_edr,0.05,0.6367
42,SatMAE_ViT-L/16,mb-frost_cls,0.02,0.9638
42,SatMAE_ViT-L/16,mb-frost_cls,0.02,0.9628
42,SatMAE_ViT-L/16,mb-frost_cls,0.02,0.9637
42,SatMAE_ViT-L/16,mb-frost_cls,0.02,0.9554
42,SatMAE_ViT-L/16,mb-frost_cls,0.02,0.9651
42,SatMAE_ViT-L/16,mb-frost_cls,0.02,0.9604
42,SatMAE_ViT-L/16,mb-frost_cls,0.02,0.9634
42,SatMAE_ViT-L/16,mb-surface_cls,0.05,0.5349
42,SatMAE_ViT-L/16,mb-surface_cls,0.05,0.5353
42,SatMAE_ViT-L/16,mb-surface_cls,0.05,0.5447
42,SatMAE_ViT-L/16,mb-surface_cls,0.05,0.5282
42,SatMAE_ViT-L/16,mb-surface_cls,0.05,0.5349
42,SatMAE_ViT-L/16,mb-surface_cls,0.05,0.5478
42,SatMAE_ViT-L/16,mb-surface_cls,0.05,0.542
42,SatMAE_ViT-L/16,mb-domars16k,0.25,0.8213
42,SatMAE_ViT-L/16,mb-domars16k,0.25,0.8177
42,SatMAE_ViT-L/16,mb-domars16k,0.25,0.8255
42,SatMAE_ViT-L/16,mb-domars16k,0.25,0.8263
42,SatMAE_ViT-L/16,mb-domars16k,0.25,0.821
42,SatMAE_ViT-L/16,mb-domars16k,0.25,0.8251
42,SatMAE_ViT-L/16,mb-domars16k,0.25,0.8253
42,SatMAE_ViT-L/16,mb-surface_cls,0.02,0.3826
42,SatMAE_ViT-L/16,mb-surface_cls,0.02,0.3637
42,SatMAE_ViT-L/16,mb-surface_cls,0.02,0.3908
42,SatMAE_ViT-L/16,mb-surface_cls,0.02,0.3833
42,SatMAE_ViT-L/16,mb-surface_cls,0.02,0.3991
42,SatMAE_ViT-L/16,mb-surface_cls,0.02,0.3694
42,SatMAE_ViT-L/16,mb-surface_cls,0.02,0.375
42,SatMAE_ViT-L/16,mb-surface_cls,0.01,0.308
42,SatMAE_ViT-L/16,mb-surface_cls,0.01,0.1908
42,SatMAE_ViT-L/16,mb-surface_cls,0.01,0.3279
42,SatMAE_ViT-L/16,mb-surface_cls,0.01,0.2686
42,SatMAE_ViT-L/16,mb-surface_cls,0.01,0.2962
42,SatMAE_ViT-L/16,mb-surface_cls,0.01,0.2791
42,SatMAE_ViT-L/16,mb-surface_cls,0.01,0.2375
42,CROMA_ViT-L/16,mb-atmospheric_dust_cls_edr,1.00,0.8142
42,CROMA_ViT-L/16,mb-atmospheric_dust_cls_edr,1.00,0.7622
42,CROMA_ViT-L/16,mb-atmospheric_dust_cls_edr,1.00,0.8142
42,CROMA_ViT-L/16,mb-atmospheric_dust_cls_edr,1.00,0.7622
42,CROMA_ViT-L/16,mb-atmospheric_dust_cls_edr,1.00,0.7306
42,CROMA_ViT-L/16,mb-atmospheric_dust_cls_edr,1.00,0.8254
42,CROMA_ViT-L/16,mb-atmospheric_dust_cls_edr,1.00,0.8265
42,CROMA_ViT-L/16,mb-surface_cls,0.02,0.0946
42,CROMA_ViT-L/16,mb-surface_cls,0.02,0.1186
42,CROMA_ViT-L/16,mb-surface_cls,0.02,0.1543
42,CROMA_ViT-L/16,mb-surface_cls,0.02,0.0587
42,CROMA_ViT-L/16,mb-surface_cls,0.02,0.0996
42,CROMA_ViT-L/16,mb-surface_cls,0.02,0.016
42,CROMA_ViT-L/16,mb-surface_cls,0.02,0.1597
42,CROMA_ViT-L/16,mb-surface_cls,1.00,0.4683
42,CROMA_ViT-L/16,mb-surface_cls,1.00,0.4676
42,CROMA_ViT-L/16,mb-surface_cls,1.00,0.4637
42,CROMA_ViT-L/16,mb-surface_cls,1.00,0.4722
42,CROMA_ViT-L/16,mb-surface_cls,1.00,0.4701
42,CROMA_ViT-L/16,mb-surface_cls,1.00,0.4722
42,CROMA_ViT-L/16,mb-surface_cls,1.00,0.4582
42,SatMAE_ViT-L/16,mb-frost_cls,0.50,0.9578
42,SatMAE_ViT-L/16,mb-frost_cls,0.50,0.9525
42,SatMAE_ViT-L/16,mb-frost_cls,0.50,0.9645
42,SatMAE_ViT-L/16,mb-frost_cls,0.50,0.9582
42,SatMAE_ViT-L/16,mb-frost_cls,0.50,0.9498
42,SatMAE_ViT-L/16,mb-frost_cls,0.50,0.956
42,SatMAE_ViT-L/16,mb-frost_cls,0.50,0.9524
42,SatMAE_ViT-L/16,mb-frost_cls,0.25,0.9459
42,SatMAE_ViT-L/16,mb-frost_cls,0.25,0.952
42,SatMAE_ViT-L/16,mb-frost_cls,0.25,0.9509
42,SatMAE_ViT-L/16,mb-frost_cls,0.25,0.9445
42,SatMAE_ViT-L/16,mb-frost_cls,0.25,0.9507
42,SatMAE_ViT-L/16,mb-frost_cls,0.25,0.9491
42,SatMAE_ViT-L/16,mb-frost_cls,0.25,0.962
42,CROMA_ViT-L/16,mb-domars16k,0.05,0.1622
42,CROMA_ViT-L/16,mb-domars16k,0.05,0.1575
42,CROMA_ViT-L/16,mb-domars16k,0.05,0.1472
42,CROMA_ViT-L/16,mb-domars16k,0.05,0.1528
42,CROMA_ViT-L/16,mb-domars16k,0.05,0.1458
42,CROMA_ViT-L/16,mb-domars16k,0.05,0.1514
42,CROMA_ViT-L/16,mb-domars16k,0.05,0.1433
42,SatMAE_ViT-L/16,mb-domars16k,0.01,0.0636
42,SatMAE_ViT-L/16,mb-domars16k,0.01,0.0845
42,SatMAE_ViT-L/16,mb-domars16k,0.01,0.066
42,SatMAE_ViT-L/16,mb-domars16k,0.01,0.0629
42,SatMAE_ViT-L/16,mb-domars16k,0.01,0.0642
42,SatMAE_ViT-L/16,mb-domars16k,0.01,0.0681
42,SatMAE_ViT-L/16,mb-domars16k,0.01,0.0682
42,SatMAE_ViT-L/16,mb-frost_cls,1.00,0.9574
42,SatMAE_ViT-L/16,mb-frost_cls,1.00,0.9594
42,SatMAE_ViT-L/16,mb-frost_cls,1.00,0.9591
42,SatMAE_ViT-L/16,mb-frost_cls,1.00,0.967
42,SatMAE_ViT-L/16,mb-frost_cls,1.00,0.9565
42,SatMAE_ViT-L/16,mb-frost_cls,1.00,0.9551
42,SatMAE_ViT-L/16,mb-domars16k,1.00,0.8976
42,SatMAE_ViT-L/16,mb-domars16k,1.00,0.8992
42,SatMAE_ViT-L/16,mb-domars16k,1.00,0.9003
42,SatMAE_ViT-L/16,mb-domars16k,1.00,0.9006
42,SatMAE_ViT-L/16,mb-domars16k,1.00,0.8959
42,SatMAE_ViT-L/16,mb-domars16k,1.00,0.894
42,SatMAE_ViT-L/16,mb-domars16k,1.00,0.896
42,prithvi_eo_v1_100,mb-atmospheric_dust_cls_edr,1.00,0.8653
42,prithvi_eo_v1_100,mb-atmospheric_dust_cls_edr,1.00,0.8557
42,prithvi_eo_v1_100,mb-atmospheric_dust_cls_edr,1.00,0.8255
42,prithvi_eo_v1_100,mb-atmospheric_dust_cls_edr,1.00,0.8187
42,prithvi_eo_v1_100,mb-atmospheric_dust_cls_edr,1.00,0.8218
42,prithvi_eo_v1_100,mb-atmospheric_dust_cls_edr,1.00,0.8522
42,prithvi_eo_v1_100,mb-atmospheric_dust_cls_edr,1.00,0.8583
42,prithvi_eo_v1_100,mb-domars16k,0.50,0.3524
42,prithvi_eo_v1_100,mb-domars16k,0.50,0.3375
42,prithvi_eo_v1_100,mb-domars16k,0.50,0.3249
42,prithvi_eo_v1_100,mb-domars16k,0.50,0.3372
42,prithvi_eo_v1_100,mb-domars16k,0.50,0.2989
42,prithvi_eo_v1_100,mb-domars16k,0.50,0.2939
42,prithvi_eo_v1_100,mb-domars16k,0.50,0.2863
42,prithvi_eo_v1_100,mb-atmospheric_dust_cls_edr,0.25,0.7576
42,prithvi_eo_v1_100,mb-atmospheric_dust_cls_edr,0.25,0.8411
42,prithvi_eo_v1_100,mb-atmospheric_dust_cls_edr,0.25,0.8379
42,prithvi_eo_v1_100,mb-atmospheric_dust_cls_edr,0.25,0.7694
42,prithvi_eo_v1_100,mb-atmospheric_dust_cls_edr,0.25,0.7113
42,prithvi_eo_v1_100,mb-atmospheric_dust_cls_edr,0.25,0.662
42,prithvi_eo_v1_100,mb-atmospheric_dust_cls_edr,0.25,0.5731
42,prithvi_eo_v1_100,mb-surface_cls,0.01,0.0176
42,prithvi_eo_v1_100,mb-surface_cls,0.01,0.098
42,prithvi_eo_v1_100,mb-surface_cls,0.01,0.0218
42,prithvi_eo_v1_100,mb-surface_cls,0.01,0.0203
42,prithvi_eo_v1_100,mb-surface_cls,0.01,0.1552
42,prithvi_eo_v1_100,mb-surface_cls,0.01,0.3075
42,prithvi_eo_v1_100,mb-surface_cls,0.01,0.0377
42,prithvi_eo_v1_100,mb-surface_cls,0.10,0.1975
42,prithvi_eo_v1_100,mb-surface_cls,0.10,0.142
42,prithvi_eo_v1_100,mb-surface_cls,0.10,0.1627
42,prithvi_eo_v1_100,mb-surface_cls,0.10,0.1677
42,prithvi_eo_v1_100,mb-surface_cls,0.10,0.1535
42,prithvi_eo_v1_100,mb-surface_cls,0.10,0.1702
42,prithvi_eo_v1_100,mb-surface_cls,0.10,0.1875
42,prithvi_eo_v1_100,mb-frost_cls,0.05,0.7085
42,prithvi_eo_v1_100,mb-frost_cls,0.05,0.1766
42,prithvi_eo_v1_100,mb-frost_cls,0.05,0.2059
42,prithvi_eo_v1_100,mb-frost_cls,0.05,0.5245
42,prithvi_eo_v1_100,mb-frost_cls,0.05,0.6526
42,prithvi_eo_v1_100,mb-frost_cls,0.05,0.181
42,prithvi_eo_v1_100,mb-frost_cls,0.05,0.526
42,prithvi_eo_v1_100,mb-frost_cls,0.02,0.6314
42,prithvi_eo_v1_100,mb-frost_cls,0.02,0.1676
42,prithvi_eo_v1_100,mb-frost_cls,0.02,0.1756
42,prithvi_eo_v1_100,mb-frost_cls,0.02,0.578
42,prithvi_eo_v1_100,mb-frost_cls,0.02,0.1756
42,prithvi_eo_v1_100,mb-frost_cls,0.02,0.6944
42,prithvi_eo_v1_100,mb-frost_cls,0.02,0.6871
42,prithvi_eo_v1_100,mb-frost_cls,0.50,0.6545
42,prithvi_eo_v1_100,mb-frost_cls,0.50,0.6394
42,prithvi_eo_v1_100,mb-frost_cls,0.50,0.6665
42,prithvi_eo_v1_100,mb-frost_cls,0.50,0.6589
42,prithvi_eo_v1_100,mb-frost_cls,0.50,0.6705
42,prithvi_eo_v1_100,mb-frost_cls,0.50,0.6325
42,prithvi_eo_v1_100,mb-frost_cls,0.50,0.6468
42,prithvi_eo_v1_100,mb-domars16k,0.25,0.2253
42,prithvi_eo_v1_100,mb-domars16k,0.25,0.2412
42,prithvi_eo_v1_100,mb-domars16k,0.25,0.2265
42,prithvi_eo_v1_100,mb-domars16k,0.25,0.2125
42,prithvi_eo_v1_100,mb-domars16k,0.25,0.1721
42,prithvi_eo_v1_100,mb-domars16k,0.25,0.2088
42,prithvi_eo_v1_100,mb-domars16k,0.25,0.2282
42,prithvi_eo_v1_100,mb-surface_cls,0.05,0.1865
42,prithvi_eo_v1_100,mb-surface_cls,0.05,0.0943
42,prithvi_eo_v1_100,mb-surface_cls,0.05,0.3327
42,prithvi_eo_v1_100,mb-surface_cls,0.05,0.1812
42,prithvi_eo_v1_100,mb-surface_cls,0.05,0.1137
42,prithvi_eo_v1_100,mb-surface_cls,0.05,0.0972
42,prithvi_eo_v1_100,mb-surface_cls,0.05,0.1779
42,prithvi_eo_v1_100,mb-frost_cls,0.50,0.8047
42,prithvi_eo_v1_100,mb-frost_cls,0.50,0.7934
42,prithvi_eo_v1_100,mb-frost_cls,0.50,0.7845
42,prithvi_eo_v1_100,mb-frost_cls,0.50,0.691
42,prithvi_eo_v1_100,mb-frost_cls,0.50,0.7626
42,prithvi_eo_v1_100,mb-frost_cls,0.50,0.7744
42,prithvi_eo_v1_100,mb-frost_cls,0.50,0.7362
42,prithvi_eo_v1_100,mb-surface_cls,0.05,0.1791
42,prithvi_eo_v1_100,mb-surface_cls,0.05,0.1319
42,prithvi_eo_v1_100,mb-surface_cls,0.05,0.2208
42,prithvi_eo_v1_100,mb-surface_cls,0.05,0.2068
42,prithvi_eo_v1_100,mb-surface_cls,0.05,0.1547
42,prithvi_eo_v1_100,mb-surface_cls,0.05,0.2174
42,prithvi_eo_v1_100,mb-surface_cls,0.05,0.19
42,prithvi_eo_v1_100,mb-frost_cls,0.10,0.596
42,prithvi_eo_v1_100,mb-frost_cls,0.10,0.5948
42,prithvi_eo_v1_100,mb-frost_cls,0.10,0.5648
42,prithvi_eo_v1_100,mb-frost_cls,0.10,0.6223
42,prithvi_eo_v1_100,mb-frost_cls,0.10,0.5938
42,prithvi_eo_v1_100,mb-frost_cls,0.10,0.5984
42,prithvi_eo_v1_100,mb-frost_cls,0.10,0.5795
42,prithvi_eo_v1_100,mb-atmospheric_dust_cls_edr,0.02,0.8295
42,prithvi_eo_v1_100,mb-atmospheric_dust_cls_edr,0.02,0.8642
42,prithvi_eo_v1_100,mb-atmospheric_dust_cls_edr,0.02,0.8026
42,prithvi_eo_v1_100,mb-atmospheric_dust_cls_edr,0.02,0.8765
42,prithvi_eo_v1_100,mb-atmospheric_dust_cls_edr,0.02,0.8037
42,prithvi_eo_v1_100,mb-atmospheric_dust_cls_edr,0.02,0.8069
42,prithvi_eo_v1_100,mb-atmospheric_dust_cls_edr,0.02,0.7352
42,prithvi_eo_v1_100,mb-surface_cls,0.01,0.0773
42,prithvi_eo_v1_100,mb-surface_cls,0.01,0.0938
42,prithvi_eo_v1_100,mb-surface_cls,0.01,0.0767
42,prithvi_eo_v1_100,mb-surface_cls,0.01,0.0863
42,prithvi_eo_v1_100,mb-surface_cls,0.01,0.0403
42,prithvi_eo_v1_100,mb-surface_cls,0.01,0.0461
42,prithvi_eo_v1_100,mb-surface_cls,0.01,0.072
42,prithvi_eo_v1_100,mb-surface_cls,0.20,0.3002
42,prithvi_eo_v1_100,mb-surface_cls,0.20,0.4781
42,prithvi_eo_v1_100,mb-surface_cls,0.20,0.3224
42,prithvi_eo_v1_100,mb-surface_cls,0.20,0.2982
42,prithvi_eo_v1_100,mb-surface_cls,0.20,0.4212
42,prithvi_eo_v1_100,mb-surface_cls,0.20,0.2679
42,prithvi_eo_v1_100,mb-surface_cls,0.20,0.3293
42,prithvi_eo_v1_100,mb-atmospheric_dust_cls_edr,0.20,0.9163
42,prithvi_eo_v1_100,mb-atmospheric_dust_cls_edr,0.20,0.8947
42,prithvi_eo_v1_100,mb-atmospheric_dust_cls_edr,0.20,0.9234
42,prithvi_eo_v1_100,mb-atmospheric_dust_cls_edr,0.20,0.8945
42,prithvi_eo_v1_100,mb-atmospheric_dust_cls_edr,0.20,0.8887
42,prithvi_eo_v1_100,mb-atmospheric_dust_cls_edr,0.20,0.9112
42,prithvi_eo_v1_100,mb-atmospheric_dust_cls_edr,0.20,0.8799
42,prithvi_eo_v1_100,mb-atmospheric_dust_cls_edr,0.10,0.9188
42,prithvi_eo_v1_100,mb-atmospheric_dust_cls_edr,0.10,0.8741
42,prithvi_eo_v1_100,mb-atmospheric_dust_cls_edr,0.10,0.8896
42,prithvi_eo_v1_100,mb-atmospheric_dust_cls_edr,0.10,0.8805
42,prithvi_eo_v1_100,mb-atmospheric_dust_cls_edr,0.10,0.9177
42,prithvi_eo_v1_100,mb-atmospheric_dust_cls_edr,0.10,0.923
42,prithvi_eo_v1_100,mb-atmospheric_dust_cls_edr,0.10,0.8865
42,prithvi_eo_v1_100,mb-frost_cls,0.25,0.8157
42,prithvi_eo_v1_100,mb-frost_cls,0.25,0.7699
42,prithvi_eo_v1_100,mb-frost_cls,0.25,0.8142
42,prithvi_eo_v1_100,mb-frost_cls,0.25,0.8126
42,prithvi_eo_v1_100,mb-frost_cls,0.25,0.8176
42,prithvi_eo_v1_100,mb-frost_cls,0.25,0.7667
42,prithvi_eo_v1_100,mb-frost_cls,0.25,0.7438
42,prithvi_eo_v1_100,mb-frost_cls,0.25,0.6012
42,prithvi_eo_v1_100,mb-frost_cls,0.25,0.6366
42,prithvi_eo_v1_100,mb-frost_cls,0.25,0.6341
42,prithvi_eo_v1_100,mb-frost_cls,0.25,0.6454
42,prithvi_eo_v1_100,mb-frost_cls,0.25,0.6213
42,prithvi_eo_v1_100,mb-frost_cls,0.25,0.6182
42,prithvi_eo_v1_100,mb-frost_cls,0.25,0.5895
42,prithvi_eo_v1_100,mb-atmospheric_dust_cls_edr,0.05,0.3385
42,prithvi_eo_v1_100,mb-atmospheric_dust_cls_edr,0.05,0.4207
42,prithvi_eo_v1_100,mb-atmospheric_dust_cls_edr,0.05,0.4735
42,prithvi_eo_v1_100,mb-atmospheric_dust_cls_edr,0.05,0.5244
42,prithvi_eo_v1_100,mb-atmospheric_dust_cls_edr,0.05,0.5907
42,prithvi_eo_v1_100,mb-atmospheric_dust_cls_edr,0.05,0.5008
42,prithvi_eo_v1_100,mb-atmospheric_dust_cls_edr,0.05,0.4781
42,prithvi_eo_v1_100,mb-surface_cls,0.20,0.1313
42,prithvi_eo_v1_100,mb-surface_cls,0.20,0.151
42,prithvi_eo_v1_100,mb-surface_cls,0.20,0.116
42,prithvi_eo_v1_100,mb-surface_cls,0.20,0.1558
42,prithvi_eo_v1_100,mb-surface_cls,0.20,0.1547
42,prithvi_eo_v1_100,mb-surface_cls,0.20,0.1765
42,prithvi_eo_v1_100,mb-surface_cls,0.20,0.1385
42,prithvi_eo_v1_100,mb-surface_cls,0.25,0.3244
42,prithvi_eo_v1_100,mb-surface_cls,0.25,0.3206
42,prithvi_eo_v1_100,mb-surface_cls,0.25,0.2959
42,prithvi_eo_v1_100,mb-surface_cls,0.25,0.4697
42,prithvi_eo_v1_100,mb-surface_cls,0.25,0.2644
42,prithvi_eo_v1_100,mb-surface_cls,0.25,0.3505
42,prithvi_eo_v1_100,mb-surface_cls,0.25,0.575
42,prithvi_eo_v1_100,mb-surface_cls,0.10,0.4087
42,prithvi_eo_v1_100,mb-surface_cls,0.10,0.2508
42,prithvi_eo_v1_100,mb-surface_cls,0.10,0.2399
42,prithvi_eo_v1_100,mb-surface_cls,0.10,0.3181
42,prithvi_eo_v1_100,mb-surface_cls,0.10,0.3549
42,prithvi_eo_v1_100,mb-surface_cls,0.10,0.4659
42,prithvi_eo_v1_100,mb-surface_cls,0.10,0.3728
42,prithvi_eo_v1_100,mb-surface_cls,1.00,0.7581
42,prithvi_eo_v1_100,mb-surface_cls,1.00,0.7316
42,prithvi_eo_v1_100,mb-surface_cls,1.00,0.7406
42,prithvi_eo_v1_100,mb-surface_cls,1.00,0.7308
42,prithvi_eo_v1_100,mb-surface_cls,1.00,0.75
42,prithvi_eo_v1_100,mb-surface_cls,1.00,0.7252
42,prithvi_eo_v1_100,mb-surface_cls,1.00,0.7295
42,prithvi_eo_v1_100,mb-frost_cls,0.10,0.6935
42,prithvi_eo_v1_100,mb-frost_cls,0.10,0.7267
42,prithvi_eo_v1_100,mb-frost_cls,0.10,0.7515
42,prithvi_eo_v1_100,mb-frost_cls,0.10,0.7307
42,prithvi_eo_v1_100,mb-frost_cls,0.10,0.7256
42,prithvi_eo_v1_100,mb-frost_cls,0.10,0.2857
42,prithvi_eo_v1_100,mb-frost_cls,0.10,0.7363
42,prithvi_eo_v1_100,mb-frost_cls,0.01,0.1756
42,prithvi_eo_v1_100,mb-frost_cls,0.01,0.5226
42,prithvi_eo_v1_100,mb-frost_cls,0.01,0.1756
42,prithvi_eo_v1_100,mb-frost_cls,0.01,0.7011
42,prithvi_eo_v1_100,mb-frost_cls,0.01,0.1774
42,prithvi_eo_v1_100,mb-frost_cls,0.01,0.1756
42,prithvi_eo_v1_100,mb-frost_cls,0.01,0.5515
42,prithvi_eo_v1_100,mb-frost_cls,0.20,0.8203
42,prithvi_eo_v1_100,mb-frost_cls,0.20,0.7992
42,prithvi_eo_v1_100,mb-frost_cls,0.20,0.5476
42,prithvi_eo_v1_100,mb-frost_cls,0.20,0.7751
42,prithvi_eo_v1_100,mb-frost_cls,0.20,0.64
42,prithvi_eo_v1_100,mb-frost_cls,0.20,0.8045
42,prithvi_eo_v1_100,mb-frost_cls,0.20,0.786
42,prithvi_eo_v1_100,mb-atmospheric_dust_cls_edr,0.20,0.5362
42,prithvi_eo_v1_100,mb-atmospheric_dust_cls_edr,0.20,0.7526
42,prithvi_eo_v1_100,mb-atmospheric_dust_cls_edr,0.20,0.7527
42,prithvi_eo_v1_100,mb-atmospheric_dust_cls_edr,0.20,0.7533
42,prithvi_eo_v1_100,mb-atmospheric_dust_cls_edr,0.20,0.6493
42,prithvi_eo_v1_100,mb-atmospheric_dust_cls_edr,0.20,0.8527
42,prithvi_eo_v1_100,mb-atmospheric_dust_cls_edr,0.20,0.5451
42,prithvi_eo_v1_100,mb-domars16k,0.01,0.0259
42,prithvi_eo_v1_100,mb-domars16k,0.01,0.0185
42,prithvi_eo_v1_100,mb-domars16k,0.01,0.0279
42,prithvi_eo_v1_100,mb-domars16k,0.01,0.0249
42,prithvi_eo_v1_100,mb-domars16k,0.01,0.0273
42,prithvi_eo_v1_100,mb-domars16k,0.01,0.0252
42,prithvi_eo_v1_100,mb-domars16k,0.01,0.0288
42,prithvi_eo_v1_100,mb-atmospheric_dust_cls_edr,0.50,0.9037
42,prithvi_eo_v1_100,mb-atmospheric_dust_cls_edr,0.50,0.8999
42,prithvi_eo_v1_100,mb-atmospheric_dust_cls_edr,0.50,0.922
42,prithvi_eo_v1_100,mb-atmospheric_dust_cls_edr,0.50,0.9098
42,prithvi_eo_v1_100,mb-atmospheric_dust_cls_edr,0.50,0.8889
42,prithvi_eo_v1_100,mb-atmospheric_dust_cls_edr,0.50,0.9198
42,prithvi_eo_v1_100,mb-atmospheric_dust_cls_edr,0.50,0.9112
42,prithvi_eo_v1_100,mb-frost_cls,1.00,0.6838
42,prithvi_eo_v1_100,mb-frost_cls,1.00,0.6897
42,prithvi_eo_v1_100,mb-frost_cls,1.00,0.6804
42,prithvi_eo_v1_100,mb-frost_cls,1.00,0.6821
42,prithvi_eo_v1_100,mb-frost_cls,1.00,0.6749
42,prithvi_eo_v1_100,mb-frost_cls,1.00,0.6933
42,prithvi_eo_v1_100,mb-frost_cls,1.00,0.6882
42,prithvi_eo_v1_100,mb-atmospheric_dust_cls_edr,0.10,0.5243
42,prithvi_eo_v1_100,mb-atmospheric_dust_cls_edr,0.10,0.641
42,prithvi_eo_v1_100,mb-atmospheric_dust_cls_edr,0.10,0.5991
42,prithvi_eo_v1_100,mb-atmospheric_dust_cls_edr,0.10,0.4825
42,prithvi_eo_v1_100,mb-atmospheric_dust_cls_edr,0.10,0.5196
42,prithvi_eo_v1_100,mb-atmospheric_dust_cls_edr,0.10,0.6623
42,prithvi_eo_v1_100,mb-atmospheric_dust_cls_edr,0.10,0.456
42,prithvi_eo_v1_100,mb-surface_cls,0.25,0.1822
42,prithvi_eo_v1_100,mb-surface_cls,0.25,0.1817
42,prithvi_eo_v1_100,mb-surface_cls,0.25,0.1801
42,prithvi_eo_v1_100,mb-surface_cls,0.25,0.2048
42,prithvi_eo_v1_100,mb-surface_cls,0.25,0.1866
42,prithvi_eo_v1_100,mb-surface_cls,0.25,0.1937
42,prithvi_eo_v1_100,mb-surface_cls,0.25,0.1721
42,prithvi_eo_v1_100,mb-domars16k,0.02,0.0334
42,prithvi_eo_v1_100,mb-domars16k,0.02,0.0252
42,prithvi_eo_v1_100,mb-domars16k,0.02,0.0169
42,prithvi_eo_v1_100,mb-domars16k,0.02,0.0195
42,prithvi_eo_v1_100,mb-domars16k,0.02,0.0393
42,prithvi_eo_v1_100,mb-domars16k,0.02,0.0426
42,prithvi_eo_v1_100,mb-domars16k,0.02,0.0289
42,prithvi_eo_v1_100,mb-atmospheric_dust_cls_edr,0.02,0.3385
42,prithvi_eo_v1_100,mb-atmospheric_dust_cls_edr,0.02,0.4321
42,prithvi_eo_v1_100,mb-atmospheric_dust_cls_edr,0.02,0.3352
42,prithvi_eo_v1_100,mb-atmospheric_dust_cls_edr,0.02,0.3381
42,prithvi_eo_v1_100,mb-atmospheric_dust_cls_edr,0.02,0.3641
42,prithvi_eo_v1_100,mb-atmospheric_dust_cls_edr,0.02,0.4135
42,prithvi_eo_v1_100,mb-atmospheric_dust_cls_edr,0.02,0.4275
42,prithvi_eo_v1_100,mb-surface_cls,0.50,0.619
42,prithvi_eo_v1_100,mb-surface_cls,0.50,0.5585
42,prithvi_eo_v1_100,mb-surface_cls,0.50,0.5048
42,prithvi_eo_v1_100,mb-surface_cls,0.50,0.6592
42,prithvi_eo_v1_100,mb-surface_cls,0.50,0.6935
42,prithvi_eo_v1_100,mb-surface_cls,0.50,0.6636
42,prithvi_eo_v1_100,mb-surface_cls,0.50,0.6612
42,prithvi_eo_v1_100,mb-atmospheric_dust_cls_edr,0.01,0.4132
42,prithvi_eo_v1_100,mb-atmospheric_dust_cls_edr,0.01,0.4147
42,prithvi_eo_v1_100,mb-atmospheric_dust_cls_edr,0.01,0.4401
42,prithvi_eo_v1_100,mb-atmospheric_dust_cls_edr,0.01,0.4202
42,prithvi_eo_v1_100,mb-atmospheric_dust_cls_edr,0.01,0.4058
42,prithvi_eo_v1_100,mb-atmospheric_dust_cls_edr,0.01,0.3547
42,prithvi_eo_v1_100,mb-atmospheric_dust_cls_edr,0.01,0.3392
42,prithvi_eo_v1_100,mb-frost_cls,0.02,0.5758
42,prithvi_eo_v1_100,mb-frost_cls,0.02,0.5674
42,prithvi_eo_v1_100,mb-frost_cls,0.02,0.5777
42,prithvi_eo_v1_100,mb-frost_cls,0.02,0.5742
42,prithvi_eo_v1_100,mb-frost_cls,0.02,0.5569
42,prithvi_eo_v1_100,mb-frost_cls,0.02,0.5323
42,prithvi_eo_v1_100,mb-frost_cls,0.02,0.5755
42,prithvi_eo_v1_100,mb-frost_cls,0.05,0.5992
42,prithvi_eo_v1_100,mb-frost_cls,0.05,0.5785
42,prithvi_eo_v1_100,mb-frost_cls,0.05,0.6054
42,prithvi_eo_v1_100,mb-frost_cls,0.05,0.6033
42,prithvi_eo_v1_100,mb-frost_cls,0.05,0.5936
42,prithvi_eo_v1_100,mb-frost_cls,0.05,0.605
42,prithvi_eo_v1_100,mb-frost_cls,0.05,0.5761
42,prithvi_eo_v1_100,mb-frost_cls,0.20,0.602
42,prithvi_eo_v1_100,mb-frost_cls,0.20,0.6247
42,prithvi_eo_v1_100,mb-frost_cls,0.20,0.5626
42,prithvi_eo_v1_100,mb-frost_cls,0.20,0.6002
42,prithvi_eo_v1_100,mb-frost_cls,0.20,0.6169
42,prithvi_eo_v1_100,mb-frost_cls,0.20,0.6239
42,prithvi_eo_v1_100,mb-frost_cls,0.20,0.6297
42,prithvi_eo_v1_100,mb-atmospheric_dust_cls_edr,0.01,0.7784
42,prithvi_eo_v1_100,mb-atmospheric_dust_cls_edr,0.01,0.6392
42,prithvi_eo_v1_100,mb-atmospheric_dust_cls_edr,0.01,0.3175
42,prithvi_eo_v1_100,mb-atmospheric_dust_cls_edr,0.01,0.6352
42,prithvi_eo_v1_100,mb-atmospheric_dust_cls_edr,0.01,0.6321
42,prithvi_eo_v1_100,mb-atmospheric_dust_cls_edr,0.01,0.5965
42,prithvi_eo_v1_100,mb-atmospheric_dust_cls_edr,0.01,0.5613
42,prithvi_eo_v1_100,mb-domars16k,0.05,0.0912
42,prithvi_eo_v1_100,mb-domars16k,0.05,0.1103
42,prithvi_eo_v1_100,mb-domars16k,0.05,0.0746
42,prithvi_eo_v1_100,mb-domars16k,0.05,0.0738
42,prithvi_eo_v1_100,mb-domars16k,0.05,0.0932
42,prithvi_eo_v1_100,mb-domars16k,0.05,0.0728
42,prithvi_eo_v1_100,mb-domars16k,0.05,0.0479
42,prithvi_eo_v1_100,mb-domars16k,0.10,0.1312
42,prithvi_eo_v1_100,mb-domars16k,0.10,0.1577
42,prithvi_eo_v1_100,mb-domars16k,0.10,0.1307
42,prithvi_eo_v1_100,mb-domars16k,0.10,0.1207
42,prithvi_eo_v1_100,mb-domars16k,0.10,0.1419
42,prithvi_eo_v1_100,mb-domars16k,0.10,0.1092
42,prithvi_eo_v1_100,mb-domars16k,0.10,0.1465
42,prithvi_eo_v1_100,mb-surface_cls,0.02,0.163
42,prithvi_eo_v1_100,mb-surface_cls,0.02,0.1598
42,prithvi_eo_v1_100,mb-surface_cls,0.02,0.0898
42,prithvi_eo_v1_100,mb-surface_cls,0.02,0.0456
42,prithvi_eo_v1_100,mb-surface_cls,0.02,0.0859
42,prithvi_eo_v1_100,mb-surface_cls,0.02,0.1352
42,prithvi_eo_v1_100,mb-surface_cls,0.02,0.0773
42,prithvi_eo_v1_100,mb-atmospheric_dust_cls_edr,0.25,0.8859
42,prithvi_eo_v1_100,mb-atmospheric_dust_cls_edr,0.25,0.8969
42,prithvi_eo_v1_100,mb-atmospheric_dust_cls_edr,0.25,0.8835
42,prithvi_eo_v1_100,mb-atmospheric_dust_cls_edr,0.25,0.8839
42,prithvi_eo_v1_100,mb-atmospheric_dust_cls_edr,0.25,0.8941
42,prithvi_eo_v1_100,mb-atmospheric_dust_cls_edr,0.25,0.9055
42,prithvi_eo_v1_100,mb-atmospheric_dust_cls_edr,0.25,0.8887
42,prithvi_eo_v1_100,mb-domars16k,0.20,0.2063
42,prithvi_eo_v1_100,mb-domars16k,0.20,0.2035
42,prithvi_eo_v1_100,mb-domars16k,0.20,0.1988
42,prithvi_eo_v1_100,mb-domars16k,0.20,0.1768
42,prithvi_eo_v1_100,mb-domars16k,0.20,0.2132
42,prithvi_eo_v1_100,mb-domars16k,0.20,0.2125
42,prithvi_eo_v1_100,mb-domars16k,0.20,0.1865
42,prithvi_eo_v1_100,mb-frost_cls,0.01,0.5176
42,prithvi_eo_v1_100,mb-frost_cls,0.01,0.3876
42,prithvi_eo_v1_100,mb-frost_cls,0.01,0.4514
42,prithvi_eo_v1_100,mb-frost_cls,0.01,0.4749
42,prithvi_eo_v1_100,mb-frost_cls,0.01,0.4751
42,prithvi_eo_v1_100,mb-frost_cls,0.01,0.5264
42,prithvi_eo_v1_100,mb-frost_cls,0.01,0.4547
42,prithvi_eo_v1_100,mb-surface_cls,0.50,0.3428
42,prithvi_eo_v1_100,mb-surface_cls,0.50,0.322
42,prithvi_eo_v1_100,mb-surface_cls,0.50,0.3403
42,prithvi_eo_v1_100,mb-surface_cls,0.50,0.3415
42,prithvi_eo_v1_100,mb-surface_cls,0.50,0.3415
42,prithvi_eo_v1_100,mb-surface_cls,0.50,0.3347
42,prithvi_eo_v1_100,mb-surface_cls,0.50,0.3223
42,prithvi_eo_v1_100,mb-domars16k,1.00,0.4716
42,prithvi_eo_v1_100,mb-domars16k,1.00,0.5025
42,prithvi_eo_v1_100,mb-domars16k,1.00,0.3797
42,prithvi_eo_v1_100,mb-domars16k,1.00,0.5151
42,prithvi_eo_v1_100,mb-domars16k,1.00,0.4379
42,prithvi_eo_v1_100,mb-domars16k,1.00,0.4651
42,prithvi_eo_v1_100,mb-domars16k,1.00,0.5011
42,prithvi_eo_v1_100,mb-atmospheric_dust_cls_edr,0.05,0.8915
42,prithvi_eo_v1_100,mb-atmospheric_dust_cls_edr,0.05,0.9036
42,prithvi_eo_v1_100,mb-atmospheric_dust_cls_edr,0.05,0.9032
42,prithvi_eo_v1_100,mb-atmospheric_dust_cls_edr,0.05,0.9145
42,prithvi_eo_v1_100,mb-atmospheric_dust_cls_edr,0.05,0.91
42,prithvi_eo_v1_100,mb-atmospheric_dust_cls_edr,0.05,0.9072
42,prithvi_eo_v1_100,mb-atmospheric_dust_cls_edr,0.05,0.899
42,prithvi_eo_v1_100,mb-frost_cls,1.00,0.7197
42,prithvi_eo_v1_100,mb-frost_cls,1.00,0.6662
42,prithvi_eo_v1_100,mb-frost_cls,1.00,0.7784
42,prithvi_eo_v1_100,mb-frost_cls,1.00,0.6702
42,prithvi_eo_v1_100,mb-frost_cls,1.00,0.7243
42,prithvi_eo_v1_100,mb-frost_cls,1.00,0.7256
42,prithvi_eo_v1_100,mb-frost_cls,1.00,0.6703
42,prithvi_eo_v1_100,mb-atmospheric_dust_cls_edr,1.00,0.9204
42,prithvi_eo_v1_100,mb-atmospheric_dust_cls_edr,1.00,0.9278
42,prithvi_eo_v1_100,mb-atmospheric_dust_cls_edr,1.00,0.9029
42,prithvi_eo_v1_100,mb-atmospheric_dust_cls_edr,1.00,0.8991
42,prithvi_eo_v1_100,mb-atmospheric_dust_cls_edr,1.00,0.9009
42,prithvi_eo_v1_100,mb-atmospheric_dust_cls_edr,1.00,0.8937
42,prithvi_eo_v1_100,mb-atmospheric_dust_cls_edr,1.00,0.9206
42,prithvi_eo_v1_100,mb-surface_cls,0.02,0.0396
42,prithvi_eo_v1_100,mb-surface_cls,0.02,0.1017
42,prithvi_eo_v1_100,mb-surface_cls,0.02,0.1124
42,prithvi_eo_v1_100,mb-surface_cls,0.02,0.0681
42,prithvi_eo_v1_100,mb-surface_cls,0.02,0.1294
42,prithvi_eo_v1_100,mb-surface_cls,0.02,0.0897
42,prithvi_eo_v1_100,mb-surface_cls,0.02,0.0397
42,prithvi_eo_v1_100,mb-atmospheric_dust_cls_edr,0.50,0.8199
42,prithvi_eo_v1_100,mb-atmospheric_dust_cls_edr,0.50,0.8585
42,prithvi_eo_v1_100,mb-atmospheric_dust_cls_edr,0.50,0.8317
42,prithvi_eo_v1_100,mb-atmospheric_dust_cls_edr,0.50,0.7218
42,prithvi_eo_v1_100,mb-atmospheric_dust_cls_edr,0.50,0.8622
42,prithvi_eo_v1_100,mb-atmospheric_dust_cls_edr,0.50,0.8436
42,prithvi_eo_v1_100,mb-atmospheric_dust_cls_edr,0.50,0.8443
42,prithvi_eo_v1_100,mb-surface_cls,1.00,0.5051
42,prithvi_eo_v1_100,mb-surface_cls,1.00,0.4931
42,prithvi_eo_v1_100,mb-surface_cls,1.00,0.5012
42,prithvi_eo_v1_100,mb-surface_cls,1.00,0.5033
42,prithvi_eo_v1_100,mb-surface_cls,1.00,0.4957
42,prithvi_eo_v1_100,mb-surface_cls,1.00,0.4986
42,prithvi_eo_v1_100,mb-surface_cls,1.00,0.4958
0,ViT-L/16,mb-atmospheric_dust_cls_edr,0.01,0.9477765560150146
1,ViT-L/16,mb-atmospheric_dust_cls_edr,0.01,0.9464304447174072
42,ViT-L/16,mb-atmospheric_dust_cls_edr,0.01,0.9456564784049988
1000,ViT-L/16,mb-atmospheric_dust_cls_edr,0.01,0.943751096725464
1234,ViT-L/16,mb-atmospheric_dust_cls_edr,0.01,0.94374680519104
10,ViT-L/16,mb-atmospheric_dust_cls_edr,0.01,0.9477336406707764
123,ViT-L/16,mb-atmospheric_dust_cls_edr,0.01,0.9466112852096558
0,ViT-L/16,mb-atmospheric_dust_cls_edr,0.02,0.9389954805374146
1,ViT-L/16,mb-atmospheric_dust_cls_edr,0.02,0.9366846084594728
42,ViT-L/16,mb-atmospheric_dust_cls_edr,0.02,0.9363157153129578
1000,ViT-L/16,mb-atmospheric_dust_cls_edr,0.02,0.9382489919662476
1234,ViT-L/16,mb-atmospheric_dust_cls_edr,0.02,0.9388151168823242
10,ViT-L/16,mb-atmospheric_dust_cls_edr,0.02,0.9383916854858398
123,ViT-L/16,mb-atmospheric_dust_cls_edr,0.02,0.9355202317237854
0,ViT-L/16,mb-atmospheric_dust_cls_edr,0.05,0.9399726390838624
1,ViT-L/16,mb-atmospheric_dust_cls_edr,0.05,0.9399707913398744
42,ViT-L/16,mb-atmospheric_dust_cls_edr,0.05,0.9393980503082277
1000,ViT-L/16,mb-atmospheric_dust_cls_edr,0.05,0.9411254525184632
1234,ViT-L/16,mb-atmospheric_dust_cls_edr,0.05,0.9399749040603638
10,ViT-L/16,mb-atmospheric_dust_cls_edr,0.05,0.9424653053283693
123,ViT-L/16,mb-atmospheric_dust_cls_edr,0.05,0.9399707913398744
0,ViT-L/16,mb-atmospheric_dust_cls_edr,0.1,0.943043887615204
1,ViT-L/16,mb-atmospheric_dust_cls_edr,0.1,0.9413171410560608
42,ViT-L/16,mb-atmospheric_dust_cls_edr,0.1,0.942085027694702
1000,ViT-L/16,mb-atmospheric_dust_cls_edr,0.1,0.9430437088012696
1234,ViT-L/16,mb-atmospheric_dust_cls_edr,0.1,0.9422763586044312
10,ViT-L/16,mb-atmospheric_dust_cls_edr,0.1,0.9424684643745422
123,ViT-L/16,mb-atmospheric_dust_cls_edr,0.1,0.9418928623199464
0,ViT-L/16,mb-atmospheric_dust_cls_edr,0.2,0.9386321306228638
1,ViT-L/16,mb-atmospheric_dust_cls_edr,0.2,0.9353695511817932
42,ViT-L/16,mb-atmospheric_dust_cls_edr,0.2,0.9367088675498962
1000,ViT-L/16,mb-atmospheric_dust_cls_edr,0.2,0.933247447013855
1234,ViT-L/16,mb-atmospheric_dust_cls_edr,0.2,0.9390099048614502
10,ViT-L/16,mb-atmospheric_dust_cls_edr,0.2,0.94016695022583
123,ViT-L/16,mb-atmospheric_dust_cls_edr,0.2,0.93785959482193
0,ViT-L/16,mb-atmospheric_dust_cls_edr,0.25,0.9372844696044922
1,ViT-L/16,mb-atmospheric_dust_cls_edr,0.25,0.9367147088050842
42,ViT-L/16,mb-atmospheric_dust_cls_edr,0.25,0.9367111325263976
1000,ViT-L/16,mb-atmospheric_dust_cls_edr,0.25,0.9361327290534972
1234,ViT-L/16,mb-atmospheric_dust_cls_edr,0.25,0.9343932867050172
10,ViT-L/16,mb-atmospheric_dust_cls_edr,0.25,0.9376609921455384
123,ViT-L/16,mb-atmospheric_dust_cls_edr,0.25,0.9359304904937744
0,ViT-L/16,mb-atmospheric_dust_cls_edr,0.5,0.9374733567237854
42,ViT-L/16,mb-atmospheric_dust_cls_edr,0.5,0.9388125538825988
1000,ViT-L/16,mb-atmospheric_dust_cls_edr,0.5,0.9401601552963256
1234,ViT-L/16,mb-atmospheric_dust_cls_edr,0.5,0.9374688863754272
10,ViT-L/16,mb-atmospheric_dust_cls_edr,0.5,0.9382445812225342
123,ViT-L/16,mb-atmospheric_dust_cls_edr,0.5,0.9374701976776124
1,ViT-L/16,mb-atmospheric_dust_cls_edr,0.5,0.9393960237503052
0,ViT-L/16,mb-atmospheric_dust_cls_edr,1.0,0.9415019750595092
1,ViT-L/16,mb-atmospheric_dust_cls_edr,1.0,0.9386135935783386
42,ViT-L/16,mb-atmospheric_dust_cls_edr,1.0,0.9389938116073608
1000,ViT-L/16,mb-atmospheric_dust_cls_edr,1.0,0.9401590824127196
1234,ViT-L/16,mb-atmospheric_dust_cls_edr,1.0,0.9388058185577391
10,ViT-L/16,mb-atmospheric_dust_cls_edr,1.0,0.9422625303268432
123,ViT-L/16,mb-atmospheric_dust_cls_edr,1.0,0.9411219358444214
0,ViT-L/16,mb-domars16k,0.01,0.6672760248184204
1,ViT-L/16,mb-domars16k,0.01,0.6651221513748169
42,ViT-L/16,mb-domars16k,0.01,0.6678735613822937
1234,ViT-L/16,mb-domars16k,0.01,0.6689566373825073
1000,ViT-L/16,mb-domars16k,0.01,0.661307692527771
10,ViT-L/16,mb-domars16k,0.01,0.6771168112754822
123,ViT-L/16,mb-domars16k,0.01,0.6700218915939331
0,ViT-L/16,mb-domars16k,0.02,0.7305971384048462
1,ViT-L/16,mb-domars16k,0.02,0.734277606010437
42,ViT-L/16,mb-domars16k,0.02,0.7253681421279907
1234,ViT-L/16,mb-domars16k,0.02,0.7355048656463623
1000,ViT-L/16,mb-domars16k,0.02,0.7316474318504333
10,ViT-L/16,mb-domars16k,0.02,0.7338975667953491
123,ViT-L/16,mb-domars16k,0.02,0.7310343980789185
0,ViT-L/16,mb-domars16k,0.05,0.7942399978637695
1,ViT-L/16,mb-domars16k,0.05,0.7865910530090332
42,ViT-L/16,mb-domars16k,0.05,0.7842705249786377
1234,ViT-L/16,mb-domars16k,0.05,0.7913567423820496
1000,ViT-L/16,mb-domars16k,0.05,0.7825262546539307
10,ViT-L/16,mb-domars16k,0.05,0.7878881692886353
123,ViT-L/16,mb-domars16k,0.05,0.7897250056266785
0,ViT-L/16,mb-domars16k,0.1,0.8057528138160706
1,ViT-L/16,mb-domars16k,0.1,0.8112301826477051
42,ViT-L/16,mb-domars16k,0.1,0.8082254528999329
1234,ViT-L/16,mb-domars16k,0.1,0.804706871509552
1000,ViT-L/16,mb-domars16k,0.1,0.8047772645950317
10,ViT-L/16,mb-domars16k,0.1,0.8053395748138428
123,ViT-L/16,mb-domars16k,0.1,0.8141639232635498
0,ViT-L/16,mb-domars16k,0.2,0.8409246206283569
1,ViT-L/16,mb-domars16k,0.2,0.8371078968048096
42,ViT-L/16,mb-domars16k,0.2,0.8351532220840454
1234,ViT-L/16,mb-domars16k,0.2,0.8355470895767212
1000,ViT-L/16,mb-domars16k,0.2,0.8291030526161194
10,ViT-L/16,mb-domars16k,0.2,0.8361358046531677
123,ViT-L/16,mb-domars16k,0.2,0.8355326652526855
0,ViT-L/16,mb-domars16k,0.25,0.8361935019493103
1,ViT-L/16,mb-domars16k,0.25,0.83795565366745
42,ViT-L/16,mb-domars16k,0.25,0.8406991958618164
1234,ViT-L/16,mb-domars16k,0.25,0.8400826454162598
1000,ViT-L/16,mb-domars16k,0.25,0.8343294858932495
10,ViT-L/16,mb-domars16k,0.25,0.8433735966682434
123,ViT-L/16,mb-domars16k,0.25,0.8404027223587036
0,ViT-L/16,mb-domars16k,0.5,0.8604128360748291
1,ViT-L/16,mb-domars16k,0.5,0.8610222935676575
42,ViT-L/16,mb-domars16k,0.5,0.8605203032493591
1234,ViT-L/16,mb-domars16k,0.5,0.8598148822784424
1000,ViT-L/16,mb-domars16k,0.5,0.8622204065322876
10,ViT-L/16,mb-domars16k,0.5,0.8694361448287964
123,ViT-L/16,mb-domars16k,0.5,0.8564834594726562
0,ViT-L/16,mb-domars16k,1.0,0.8760514855384827
1,ViT-L/16,mb-domars16k,1.0,0.8796040415763855
42,ViT-L/16,mb-domars16k,1.0,0.8784275054931641
1234,ViT-L/16,mb-domars16k,1.0,0.8831443786621094
1000,ViT-L/16,mb-domars16k,1.0,0.8831017017364502
10,ViT-L/16,mb-domars16k,1.0,0.8834587335586548
123,ViT-L/16,mb-domars16k,1.0,0.8827193975448608
0,ViT-L/16,mb-frost_cls,0.01,0.9402428269386292
1,ViT-L/16,mb-frost_cls,0.01,0.8947755098342896
42,ViT-L/16,mb-frost_cls,0.01,0.9245973825454712
1000,ViT-L/16,mb-frost_cls,0.01,0.9299401640892028
1234,ViT-L/16,mb-frost_cls,0.01,0.9444546699523926
10,ViT-L/16,mb-frost_cls,0.01,0.9041097164154052
123,ViT-L/16,mb-frost_cls,0.01,0.9408727884292604
0,ViT-L/16,mb-frost_cls,0.02,0.9369021654129028
1,ViT-L/16,mb-frost_cls,0.02,0.9263378977775574
42,ViT-L/16,mb-frost_cls,0.02,0.9404123425483704
1000,ViT-L/16,mb-frost_cls,0.02,0.9336676597595216
1234,ViT-L/16,mb-frost_cls,0.02,0.925390601158142
10,ViT-L/16,mb-frost_cls,0.02,0.9317047595977784
123,ViT-L/16,mb-frost_cls,0.02,0.9158102869987488
0,ViT-L/16,mb-frost_cls,0.05,0.9379294514656068
1,ViT-L/16,mb-frost_cls,0.05,0.9240723848342896
42,ViT-L/16,mb-frost_cls,0.05,0.9389755725860596
1000,ViT-L/16,mb-frost_cls,0.05,0.93086040019989
1234,ViT-L/16,mb-frost_cls,0.05,0.9468974471092224
10,ViT-L/16,mb-frost_cls,0.05,0.9398443698883056
123,ViT-L/16,mb-frost_cls,0.05,0.938639998435974
0,ViT-L/16,mb-frost_cls,0.1,0.9271379709243774
1,ViT-L/16,mb-frost_cls,0.1,0.9249991178512572
42,ViT-L/16,mb-frost_cls,0.1,0.9336768984794616
1000,ViT-L/16,mb-frost_cls,0.1,0.9268808364868164
1234,ViT-L/16,mb-frost_cls,0.1,0.9341172575950624
10,ViT-L/16,mb-frost_cls,0.1,0.9320566654205322
123,ViT-L/16,mb-frost_cls,0.1,0.9194213151931764
0,ViT-L/16,mb-frost_cls,0.2,0.9299405813217164
1,ViT-L/16,mb-frost_cls,0.2,0.927910566329956
42,ViT-L/16,mb-frost_cls,0.2,0.9328243136405944
1000,ViT-L/16,mb-frost_cls,0.2,0.9303323030471802
1234,ViT-L/16,mb-frost_cls,0.2,0.9319890141487122
10,ViT-L/16,mb-frost_cls,0.2,0.9320785999298096
123,ViT-L/16,mb-frost_cls,0.2,0.930328130722046
0,ViT-L/16,mb-frost_cls,0.25,0.9223615527153016
1,ViT-L/16,mb-frost_cls,0.25,0.9298315048217772
42,ViT-L/16,mb-frost_cls,0.25,0.935766100883484
1000,ViT-L/16,mb-frost_cls,0.25,0.9256339073181152
1234,ViT-L/16,mb-frost_cls,0.25,0.9290380477905272
10,ViT-L/16,mb-frost_cls,0.25,0.9297440648078918
123,ViT-L/16,mb-frost_cls,0.25,0.9285998344421388
0,ViT-L/16,mb-frost_cls,0.5,0.941900908946991
1,ViT-L/16,mb-frost_cls,0.5,0.9337931871414183
42,ViT-L/16,mb-frost_cls,0.5,0.9374450445175172
1000,ViT-L/16,mb-frost_cls,0.5,0.9336051940917968
1234,ViT-L/16,mb-frost_cls,0.5,0.9419628977775574
10,ViT-L/16,mb-frost_cls,0.5,0.9382240772247314
123,ViT-L/16,mb-frost_cls,0.5,0.9360080361366272
0,ViT-L/16,mb-frost_cls,1.0,0.9354152083396912
1,ViT-L/16,mb-frost_cls,1.0,0.9279312491416932
42,ViT-L/16,mb-frost_cls,1.0,0.9354032278060912
1000,ViT-L/16,mb-frost_cls,1.0,0.925186812877655
1234,ViT-L/16,mb-frost_cls,1.0,0.9326993227005004
10,ViT-L/16,mb-frost_cls,1.0,0.9282354712486268
123,ViT-L/16,mb-frost_cls,1.0,0.9263211488723756
0,ViT-L/16,mb-surface_cls,0.01,0.4904261827468872
1,ViT-L/16,mb-surface_cls,0.01,0.5346250534057617
42,ViT-L/16,mb-surface_cls,0.01,0.5147152543067932
1234,ViT-L/16,mb-surface_cls,0.01,0.5466582775115967
1000,ViT-L/16,mb-surface_cls,0.01,0.5404198169708252
10,ViT-L/16,mb-surface_cls,0.01,0.547461211681366
123,ViT-L/16,mb-surface_cls,0.01,0.5527223348617554
0,ViT-L/16,mb-surface_cls,0.02,0.5499354004859924
1,ViT-L/16,mb-surface_cls,0.02,0.5711169242858887
42,ViT-L/16,mb-surface_cls,0.02,0.5431723594665527
1234,ViT-L/16,mb-surface_cls,0.02,0.570869505405426
1000,ViT-L/16,mb-surface_cls,0.02,0.5290536880493164
10,ViT-L/16,mb-surface_cls,0.02,0.5496786236763
123,ViT-L/16,mb-surface_cls,0.02,0.5658341646194458
0,ViT-L/16,mb-surface_cls,0.05,0.5995725989341736
1,ViT-L/16,mb-surface_cls,0.05,0.5514699220657349
42,ViT-L/16,mb-surface_cls,0.05,0.57308030128479
1234,ViT-L/16,mb-surface_cls,0.05,0.5471729040145874
1000,ViT-L/16,mb-surface_cls,0.05,0.6354425549507141
10,ViT-L/16,mb-surface_cls,0.05,0.5734055042266846
123,ViT-L/16,mb-surface_cls,0.05,0.5930038690567017
0,ViT-L/16,mb-surface_cls,0.1,0.6675815582275391
1,ViT-L/16,mb-surface_cls,0.1,0.6811120510101318
42,ViT-L/16,mb-surface_cls,0.1,0.6394920349121094
1234,ViT-L/16,mb-surface_cls,0.1,0.6641207933425903
1000,ViT-L/16,mb-surface_cls,0.1,0.6949425935745239
10,ViT-L/16,mb-surface_cls,0.1,0.7017713785171509
123,ViT-L/16,mb-surface_cls,0.1,0.6715353727340698
0,ViT-L/16,mb-surface_cls,0.2,0.7249768972396851
1,ViT-L/16,mb-surface_cls,0.2,0.733130931854248
42,ViT-L/16,mb-surface_cls,0.2,0.7209868431091309
1234,ViT-L/16,mb-surface_cls,0.2,0.7068866491317749
1000,ViT-L/16,mb-surface_cls,0.2,0.7320420742034912
10,ViT-L/16,mb-surface_cls,0.2,0.7314602136611938
123,ViT-L/16,mb-surface_cls,0.2,0.73106449842453
0,ViT-L/16,mb-surface_cls,0.25,0.7424969673156738
1,ViT-L/16,mb-surface_cls,0.25,0.743437647819519
42,ViT-L/16,mb-surface_cls,0.25,0.715877115726471
1234,ViT-L/16,mb-surface_cls,0.25,0.7455697059631348
1000,ViT-L/16,mb-surface_cls,0.25,0.710071325302124
10,ViT-L/16,mb-surface_cls,0.25,0.6944650411605835
123,ViT-L/16,mb-surface_cls,0.25,0.7131836414337158
0,ViT-L/16,mb-surface_cls,0.5,0.796381950378418
1,ViT-L/16,mb-surface_cls,0.5,0.8055952191352844
42,ViT-L/16,mb-surface_cls,0.5,0.8037309050559998
1234,ViT-L/16,mb-surface_cls,0.5,0.8037288188934326
1000,ViT-L/16,mb-surface_cls,0.5,0.8168920278549194
10,ViT-L/16,mb-surface_cls,0.5,0.7998731136322021
123,ViT-L/16,mb-surface_cls,0.5,0.8168357610702515
1,ViT-L/16,mb-surface_cls,1.0,0.8682467341423035
0,ViT-L/16,mb-surface_cls,1.0,0.8717223405838013
42,ViT-L/16,mb-surface_cls,1.0,0.8767434358596802
1234,ViT-L/16,mb-surface_cls,1.0,0.8696070909500122
1000,ViT-L/16,mb-surface_cls,1.0,0.8658357858657837
10,ViT-L/16,mb-surface_cls,1.0,0.8679503798484802
123,ViT-L/16,mb-surface_cls,1.0,0.8734161853790283
